date,expiry,dte,spot_at_entry,ce_entry,pe_entry,combined_premium,ce_exit,pe_exit,ce_sl_hit,pe_sl_hit,ce_pnl,pe_pnl,total_pnl,exit_reason,ce_trailing_activated,pe_trailing_activated,ce_exit_sl_type,pe_exit_sl_type,entry_time,ce_exit_time,pe_exit_time,trade_number,_last_exit_ts,exit_cat,month
2025-03-21,2025-03-25,2,23226.85,127.15,134.8,261.95,165.3,114.85,True,False,-2479.43,1296.75,-1182.67,hard_exit,False,False,fixed,fixed,09:35,2025-03-21 12:29:00+05:30,2025-03-21 15:15:00+05:30,1,2025-03-21 15:15:00+05:30,hard_exit,2025-03
2025-03-24,2025-03-25,1,23472.55,142.25,118.65,260.9,184.92,154.24,True,True,-2773.88,-2313.67,-5087.55,both_sl_hit,False,False,fixed,fixed,09:30,2025-03-24 10:59:00+05:30,2025-03-24 11:03:00+05:30,1,2025-03-24 11:03:00+05:30,both_sl_hit,2025-03
2025-03-25,2025-03-25,0,23729.3,143.5,148.45,291.95,145.25,78.95,False,False,-113.75,4517.5,4403.75,hard_exit,False,False,fixed,fixed,09:30,2025-03-25 15:15:00+05:30,2025-03-25 15:15:00+05:30,1,2025-03-25 15:15:00+05:30,hard_exit,2025-03
2025-03-26,2025-04-01,3,23647.95,109.05,85.7,194.75,91.75,69.55,False,False,1124.5,1049.75,2174.25,hard_exit,False,False,fixed,fixed,09:40,2025-03-26 15:15:00+05:30,2025-03-26 15:15:00+05:30,1,2025-03-26 15:15:00+05:30,hard_exit,2025-03
2025-03-27,2025-04-01,2,23522.4,79.05,46.0,125.05,23.15,59.8,False,True,3633.5,-897.0,2736.5,winner_booking_ce_29pct,False,False,fixed,fixed,09:35,2025-03-27 11:28:00+05:30,2025-03-27 09:41:00+05:30,1,2025-03-27 11:28:00+05:30,winner_booking,2025-03
2025-03-27,2025-04-01,2,23598.9,26.45,13.65,40.1,6.55,17.74,False,True,1293.5,-266.18,1027.32,winner_booking_ce_25pct,False,False,fixed,fixed,09:35,2025-03-27 14:31:00+05:30,2025-03-27 12:19:00+05:30,2,2025-03-27 14:31:00+05:30,winner_booking,2025-03
2025-03-28,2025-04-01,1,23552.05,172.75,139.3,312.05,113.25,121.35,False,False,3867.5,1166.75,5034.25,hard_exit,False,False,fixed,fixed,09:30,2025-03-28 15:15:00+05:30,2025-03-28 15:15:00+05:30,1,2025-03-28 15:15:00+05:30,hard_exit,2025-03
2025-04-01,2025-04-01,0,23476.95,98.4,114.8,213.2,127.92,74.4,True,False,-1918.8,2626.0,707.2,hard_exit,False,False,fixed,fixed,09:30,2025-04-01 09:51:00+05:30,2025-04-01 15:15:00+05:30,1,2025-04-01 15:15:00+05:30,hard_exit,2025-04
2025-04-02,2025-04-08,4,23196.65,101.15,92.1,193.25,52.1,100.65,False,False,3188.25,-555.75,2632.5,hard_exit,False,False,fixed,fixed,09:45,2025-04-02 15:15:00+05:30,2025-04-02 15:15:00+05:30,1,2025-04-02 15:15:00+05:30,hard_exit,2025-04
2025-04-03,2025-04-08,3,23256.4,38.9,37.75,76.65,10.1,49.08,False,True,1872.0,-736.13,1135.87,winner_booking_ce_26pct,False,False,fixed,fixed,09:40,2025-04-03 11:02:00+05:30,2025-04-03 09:44:00+05:30,1,2025-04-03 11:02:00+05:30,winner_booking,2025-04
2025-04-03,2025-04-08,3,23283.55,8.95,37.25,46.2,11.64,8.35,True,False,-174.53,1878.5,1703.98,winner_booking_pe_22pct,False,False,fixed,fixed,09:40,2025-04-03 11:54:00+05:30,2025-04-03 12:14:00+05:30,2,2025-04-03 12:14:00+05:30,winner_booking,2025-04
2025-04-03,2025-04-08,3,23270.25,17.35,7.8,25.15,3.95,10.14,False,True,871.0,-152.1,718.9,winner_booking_ce_23pct,False,False,fixed,fixed,09:40,2025-04-03 13:34:00+05:30,2025-04-03 13:34:00+05:30,3,2025-04-03 13:34:00+05:30,winner_booking,2025-04
2025-04-04,2025-04-08,2,23114.75,156.6,147.75,304.35,109.95,131.6,False,False,3032.25,1049.75,4082.0,hard_exit,False,False,fixed,fixed,09:35,2025-04-04 15:15:00+05:30,2025-04-04 15:15:00+05:30,1,2025-04-04 15:15:00+05:30,hard_exit,2025-04
2025-04-07,2025-04-08,1,22087.95,310.0,248.85,558.85,338.65,323.5,False,True,-1862.25,-4852.58,-6714.82,loss_limit,False,False,fixed,fixed,09:30,2025-04-07 12:21:00+05:30,2025-04-07 12:20:00+05:30,1,2025-04-07 12:21:00+05:30,loss_limit,2025-04
2025-04-08,2025-04-08,0,22539.05,153.75,158.9,312.65,199.88,206.57,True,True,-2998.12,-3098.55,-6096.68,loss_limit,False,False,fixed,fixed,09:30,2025-04-08 10:37:00+05:30,2025-04-08 10:36:00+05:30,1,2025-04-08 10:37:00+05:30,loss_limit,2025-04
2025-04-09,2025-04-15,2,22414.55,76.2,74.4,150.6,22.2,96.72,False,True,3510.0,-1450.8,2059.2,winner_booking_ce_29pct,False,False,fixed,fixed,09:35,2025-04-09 10:30:00+05:30,2025-04-09 09:38:00+05:30,1,2025-04-09 10:30:00+05:30,winner_booking,2025-04
2025-04-09,2025-04-15,2,22373.55,37.7,16.15,53.85,11.3,20.99,False,True,1716.0,-314.92,1401.08,winner_booking_ce_30pct,False,False,fixed,fixed,09:35,2025-04-09 12:10:00+05:30,2025-04-09 11:17:00+05:30,2,2025-04-09 12:10:00+05:30,winner_booking,2025-04
2025-04-09,2025-04-15,2,22426.3,9.85,47.45,57.3,12.8,10.75,True,False,-192.08,2385.5,2193.43,winner_booking_pe_23pct,False,False,fixed,fixed,09:35,2025-04-09 12:56:00+05:30,2025-04-09 12:56:00+05:30,3,2025-04-09 12:56:00+05:30,winner_booking,2025-04
2025-04-11,2025-04-15,1,22777.95,241.6,223.1,464.7,280.65,223.05,False,False,-2538.25,3.25,-2535.0,hard_exit,False,False,fixed,fixed,09:30,2025-04-11 15:15:00+05:30,2025-04-11 15:15:00+05:30,1,2025-04-11 15:15:00+05:30,hard_exit,2025-04
2025-04-15,2025-04-15,0,23289.05,134.4,144.3,278.7,93.15,100.05,False,False,2681.25,2876.25,5557.5,hard_exit,False,False,fixed,fixed,09:30,2025-04-15 15:15:00+05:30,2025-04-15 15:15:00+05:30,1,2025-04-15 15:15:00+05:30,hard_exit,2025-04
2025-04-16,2025-04-22,3,23340.2,57.45,85.35,142.8,74.68,110.96,True,True,-1120.27,-1664.33,-2784.6,both_sl_hit,False,False,fixed,fixed,09:40,2025-04-16 09:45:00+05:30,2025-04-16 10:58:00+05:30,1,2025-04-16 10:58:00+05:30,both_sl_hit,2025-04
2025-04-17,2025-04-22,2,23324.75,54.2,48.35,102.55,70.46,62.86,True,True,-1056.9,-942.83,-1999.73,both_sl_hit,False,False,fixed,fixed,09:35,2025-04-17 09:48:00+05:30,2025-04-17 09:36:00+05:30,1,2025-04-17 09:48:00+05:30,both_sl_hit,2025-04
2025-04-17,2025-04-22,2,23409.25,58.7,60.5,119.2,76.31,78.65,True,True,-1144.65,-1179.75,-2324.4,both_sl_hit,False,False,fixed,fixed,09:35,2025-04-17 10:42:00+05:30,2025-04-17 10:45:00+05:30,2,2025-04-17 10:45:00+05:30,both_sl_hit,2025-04
2025-04-21,2025-04-22,1,23934.15,151.85,190.0,341.85,123.05,126.45,False,False,1872.0,4130.75,6002.75,hard_exit,False,False,fixed,fixed,09:30,2025-04-21 15:15:00+05:30,2025-04-21 15:15:00+05:30,1,2025-04-21 15:15:00+05:30,hard_exit,2025-04
2025-04-22,2025-04-22,0,24141.1,96.1,118.1,214.2,105.9,88.2,False,False,-637.0,1943.5,1306.5,hard_exit,False,False,fixed,fixed,09:30,2025-04-22 15:15:00+05:30,2025-04-22 15:15:00+05:30,1,2025-04-22 15:15:00+05:30,hard_exit,2025-04
2025-04-23,2025-04-29,4,24331.4,69.75,97.6,167.35,90.68,63.15,True,False,-1360.12,2239.25,879.12,hard_exit,False,False,fixed,fixed,09:45,2025-04-23 09:50:00+05:30,2025-04-23 15:15:00+05:30,1,2025-04-23 15:15:00+05:30,hard_exit,2025-04
2025-04-24,2025-04-29,3,24267.15,49.05,33.45,82.5,14.45,43.49,False,True,2249.0,-652.28,1596.72,winner_booking_ce_29pct,False,False,fixed,fixed,09:40,2025-04-24 11:19:00+05:30,2025-04-24 09:41:00+05:30,1,2025-04-24 11:19:00+05:30,winner_booking,2025-04
2025-04-24,2025-04-29,3,24261.7,17.75,12.95,30.7,5.0,16.84,False,True,828.75,-252.53,576.22,winner_booking_ce_28pct,False,False,fixed,fixed,09:40,2025-04-24 13:37:00+05:30,2025-04-24 12:35:00+05:30,2,2025-04-24 13:37:00+05:30,winner_booking,2025-04
2025-04-24,2025-04-29,3,24259.75,11.55,3.15,14.7,3.15,4.1,False,True,546.0,-61.42,484.58,winner_booking_ce_27pct,False,False,fixed,fixed,09:40,2025-04-24 14:45:00+05:30,2025-04-24 14:25:00+05:30,3,2025-04-24 14:45:00+05:30,winner_booking,2025-04
2025-04-25,2025-04-29,2,24276.95,181.85,176.75,358.6,236.4,164.35,True,False,-3546.08,806.0,-2740.08,hard_exit,False,False,fixed,fixed,09:35,2025-04-25 10:00:00+05:30,2025-04-25 15:15:00+05:30,1,2025-04-25 15:15:00+05:30,hard_exit,2025-04
2025-04-28,2025-04-29,1,24132.65,130.6,126.35,256.95,169.78,107.0,True,False,-2546.7,1257.75,-1288.95,hard_exit,False,False,fixed,fixed,09:30,2025-04-28 09:41:00+05:30,2025-04-28 15:15:00+05:30,1,2025-04-28 15:15:00+05:30,hard_exit,2025-04
2025-04-29,2025-04-29,0,24395.6,83.25,88.3,171.55,108.22,50.75,True,False,-1623.38,2440.75,817.37,hard_exit,False,False,fixed,fixed,09:30,2025-04-29 09:39:00+05:30,2025-04-29 15:15:00+05:30,1,2025-04-29 15:15:00+05:30,hard_exit,2025-04
2025-04-30,2025-05-06,3,24354.75,30.65,35.2,65.85,39.84,45.76,True,True,-597.68,-686.4,-1284.08,both_sl_hit,False,False,fixed,fixed,09:40,2025-04-30 09:56:00+05:30,2025-04-30 09:48:00+05:30,1,2025-04-30 09:56:00+05:30,both_sl_hit,2025-04
2025-04-30,2025-05-06,3,24323.45,31.05,18.95,50.0,40.36,24.64,True,True,-605.48,-369.53,-975.0,both_sl_hit,False,False,fixed,fixed,09:40,2025-04-30 11:18:00+05:30,2025-04-30 10:47:00+05:30,2,2025-04-30 11:18:00+05:30,both_sl_hit,2025-04
2025-04-30,2025-05-06,3,24347.75,30.95,20.1,51.05,12.0,6.0,False,False,1231.75,916.5,2148.25,winner_booking_pe_30pct,False,False,fixed,fixed,09:40,2025-04-30 13:00:00+05:30,2025-04-30 14:15:00+05:30,3,2025-04-30 14:15:00+05:30,winner_booking,2025-04
2025-05-02,2025-05-06,2,24520.9,228.6,155.5,384.1,172.65,202.15,False,True,3636.75,-3032.25,604.5,hard_exit,False,False,fixed,fixed,09:35,2025-05-02 15:15:00+05:30,2025-05-02 12:27:00+05:30,1,2025-05-02 15:15:00+05:30,hard_exit,2025-05
2025-05-05,2025-05-06,1,24445.25,134.15,144.45,278.6,111.1,97.25,False,False,1498.25,3068.0,4566.25,hard_exit,False,False,fixed,fixed,09:30,2025-05-05 15:15:00+05:30,2025-05-05 15:15:00+05:30,1,2025-05-05 15:15:00+05:30,hard_exit,2025-05
2025-05-06,2025-05-06,0,24436.55,79.0,93.15,172.15,75.0,82.0,False,False,260.0,724.75,984.75,hard_exit,False,False,fixed,fixed,09:30,2025-05-06 15:15:00+05:30,2025-05-06 15:15:00+05:30,1,2025-05-06 15:15:00+05:30,hard_exit,2025-05
2025-05-07,2025-05-13,4,24383.15,81.4,99.75,181.15,105.82,75.8,True,False,-1587.3,1556.75,-30.55,hard_exit,False,False,fixed,fixed,09:45,2025-05-07 09:46:00+05:30,2025-05-07 15:15:00+05:30,1,2025-05-07 15:15:00+05:30,hard_exit,2025-05
2025-05-08,2025-05-13,3,24388.4,17.9,43.8,61.7,11.35,18.8,False,False,425.75,1625.0,2050.75,combined_decay_51pct,False,False,fixed,fixed,09:40,2025-05-08 11:19:00+05:30,2025-05-08 11:19:00+05:30,1,2025-05-08 11:19:00+05:30,combined_decay,2025-05
2025-05-08,2025-05-13,3,24400.8,9.35,11.75,21.1,12.16,15.28,True,True,-182.32,-229.13,-411.45,both_sl_hit,False,False,fixed,fixed,09:40,2025-05-08 12:15:00+05:30,2025-05-08 13:07:00+05:30,2,2025-05-08 13:07:00+05:30,both_sl_hit,2025-05
2025-05-08,2025-05-13,3,24340.85,15.35,19.6,34.95,19.96,25.48,True,True,-299.33,-382.2,-681.53,both_sl_hit,False,False,fixed,fixed,09:40,2025-05-08 14:12:00+05:30,2025-05-08 14:55:00+05:30,3,2025-05-08 14:55:00+05:30,both_sl_hit,2025-05
2025-05-09,2025-05-13,2,24050.35,257.7,271.0,528.7,232.0,246.35,False,False,1670.5,1602.25,3272.75,hard_exit,False,False,fixed,fixed,09:35,2025-05-09 15:15:00+05:30,2025-05-09 15:15:00+05:30,1,2025-05-09 15:15:00+05:30,hard_exit,2025-05
2025-05-12,2025-05-13,1,24586.95,133.35,151.45,284.8,173.36,196.88,True,True,-2600.32,-2953.28,-5553.6,both_sl_hit,False,False,fixed,fixed,09:30,2025-05-12 09:54:00+05:30,2025-05-12 12:30:00+05:30,1,2025-05-12 12:30:00+05:30,both_sl_hit,2025-05
2025-05-13,2025-05-13,0,24747.3,182.4,196.6,379.0,237.12,132.1,True,False,-3556.8,4192.5,635.7,hard_exit,False,False,fixed,fixed,09:30,2025-05-13 09:40:00+05:30,2025-05-13 15:15:00+05:30,1,2025-05-13 15:15:00+05:30,hard_exit,2025-05
2025-05-14,2025-05-20,4,24739.7,101.55,128.5,230.05,79.1,113.6,False,False,1459.25,968.5,2427.75,hard_exit,False,False,fixed,fixed,09:45,2025-05-14 15:15:00+05:30,2025-05-14 15:15:00+05:30,1,2025-05-14 15:15:00+05:30,hard_exit,2025-05
2025-05-15,2025-05-20,3,24566.25,63.25,62.7,125.95,82.22,81.51,True,True,-1233.38,-1222.65,-2456.03,both_sl_hit,False,False,fixed,fixed,09:40,2025-05-15 09:52:00+05:30,2025-05-15 09:44:00+05:30,1,2025-05-15 09:52:00+05:30,both_sl_hit,2025-05
2025-05-16,2025-05-20,2,25021.25,206.9,172.15,379.05,197.95,162.3,False,False,581.75,640.25,1222.0,hard_exit,False,False,fixed,fixed,09:35,2025-05-16 15:15:00+05:30,2025-05-16 15:15:00+05:30,1,2025-05-16 15:15:00+05:30,hard_exit,2025-05
2025-05-19,2025-05-20,1,25031.8,162.15,179.0,341.15,147.25,167.0,False,False,968.5,780.0,1748.5,hard_exit,False,False,fixed,fixed,09:30,2025-05-19 15:15:00+05:30,2025-05-19 15:15:00+05:30,1,2025-05-19 15:15:00+05:30,hard_exit,2025-05
2025-05-20,2025-05-20,0,24927.4,124.65,142.15,266.8,162.05,102.15,True,False,-2430.68,2600.0,169.32,hard_exit,False,False,fixed,fixed,09:30,2025-05-20 09:53:00+05:30,2025-05-20 15:15:00+05:30,1,2025-05-20 15:15:00+05:30,hard_exit,2025-05
2025-05-21,2025-05-27,4,24818.2,141.05,113.45,254.5,97.9,121.05,False,False,2804.75,-494.0,2310.75,hard_exit,False,False,fixed,fixed,09:45,2025-05-21 15:15:00+05:30,2025-05-21 15:15:00+05:30,1,2025-05-21 15:15:00+05:30,hard_exit,2025-05
2025-05-22,2025-05-27,3,24586.8,67.35,91.95,159.3,33.1,44.35,False,False,2226.25,3094.0,5320.25,combined_decay_51pct,False,False,fixed,fixed,09:40,2025-05-22 10:34:00+05:30,2025-05-22 10:34:00+05:30,1,2025-05-22 10:34:00+05:30,combined_decay,2025-05
2025-05-22,2025-05-27,3,24599.7,19.5,34.6,54.1,25.35,44.98,True,True,-380.25,-674.7,-1054.95,both_sl_hit,False,False,fixed,fixed,09:40,2025-05-22 11:27:00+05:30,2025-05-22 11:23:00+05:30,2,2025-05-22 11:27:00+05:30,both_sl_hit,2025-05
2025-05-22,2025-05-27,3,24580.55,19.5,57.4,76.9,25.35,16.35,True,False,-380.25,2668.25,2288.0,winner_booking_pe_28pct,False,False,fixed,fixed,09:40,2025-05-22 12:13:00+05:30,2025-05-22 13:44:00+05:30,3,2025-05-22 13:44:00+05:30,winner_booking,2025-05
2025-05-23,2025-05-27,2,24755.35,215.0,177.5,392.5,218.8,187.35,False,False,-247.0,-640.25,-887.25,hard_exit,False,False,fixed,fixed,09:35,2025-05-23 15:15:00+05:30,2025-05-23 15:15:00+05:30,1,2025-05-23 15:15:00+05:30,hard_exit,2025-05
2025-05-26,2025-05-27,1,25044.8,223.25,185.0,408.25,221.1,186.15,False,False,139.75,-74.75,65.0,hard_exit,False,False,fixed,fixed,09:30,2025-05-26 15:15:00+05:30,2025-05-26 15:15:00+05:30,1,2025-05-26 15:15:00+05:30,hard_exit,2025-05
2025-05-27,2025-05-27,0,24792.1,225.9,210.6,436.5,196.3,174.45,False,False,1924.0,2349.75,4273.75,hard_exit,False,False,fixed,fixed,09:30,2025-05-27 15:15:00+05:30,2025-05-27 15:15:00+05:30,1,2025-05-27 15:15:00+05:30,hard_exit,2025-05
2025-05-28,2025-06-03,4,24798.6,175.65,157.1,332.75,117.2,108.2,False,False,3799.25,3178.5,6977.75,hard_exit,False,False,fixed,fixed,09:45,2025-05-28 15:15:00+05:30,2025-05-28 15:15:00+05:30,1,2025-05-28 15:15:00+05:30,hard_exit,2025-05
2025-05-29,2025-06-03,3,24802.9,55.85,39.9,95.75,72.6,51.87,True,True,-1089.08,-778.05,-1867.13,both_sl_hit,False,False,fixed,fixed,09:40,2025-05-29 10:02:00+05:30,2025-05-29 09:47:00+05:30,1,2025-05-29 10:02:00+05:30,both_sl_hit,2025-05
2025-05-29,2025-06-03,3,24752.8,55.3,42.05,97.35,14.35,54.66,False,True,2661.75,-819.98,1841.77,winner_booking_ce_26pct,False,False,fixed,fixed,09:40,2025-05-29 14:06:00+05:30,2025-05-29 11:02:00+05:30,2,2025-05-29 14:06:00+05:30,winner_booking,2025-05
2025-05-29,2025-06-03,3,24744.8,9.85,21.4,31.25,12.8,6.1,True,False,-192.08,994.5,802.42,winner_booking_pe_29pct,False,False,fixed,fixed,09:40,2025-05-29 14:54:00+05:30,2025-05-29 15:05:00+05:30,3,2025-05-29 15:05:00+05:30,winner_booking,2025-05
2025-05-30,2025-06-03,2,24814.1,233.9,184.2,418.1,227.95,182.25,False,False,386.75,126.75,513.5,hard_exit,False,False,fixed,fixed,09:35,2025-05-30 15:15:00+05:30,2025-05-30 15:15:00+05:30,1,2025-05-30 15:15:00+05:30,hard_exit,2025-05
2025-06-02,2025-06-03,1,24569.55,200.85,190.3,391.15,261.1,224.85,True,False,-3916.58,-2245.75,-6162.33,loss_limit,False,False,fixed,fixed,09:30,2025-06-02 12:36:00+05:30,2025-06-02 12:37:00+05:30,1,2025-06-02 12:37:00+05:30,loss_limit,2025-06
2025-06-03,2025-06-03,0,24617.75,240.8,204.15,444.95,158.2,126.8,False,False,5369.0,5027.75,10396.75,profit_target,False,False,fixed,fixed,09:30,2025-06-03 13:51:00+05:30,2025-06-03 13:51:00+05:30,1,2025-06-03 13:51:00+05:30,profit_target,2025-06
2025-06-04,2025-06-10,4,24550.85,93.75,94.2,187.95,88.95,73.55,False,False,312.0,1342.25,1654.25,hard_exit,False,False,fixed,fixed,09:45,2025-06-04 15:15:00+05:30,2025-06-04 15:15:00+05:30,1,2025-06-04 15:15:00+05:30,hard_exit,2025-06
2025-06-05,2025-06-10,3,24743.05,54.25,61.65,115.9,70.53,80.14,True,True,-1057.88,-1202.17,-2260.05,both_sl_hit,False,False,fixed,fixed,09:40,2025-06-05 12:04:00+05:30,2025-06-05 12:03:00+05:30,1,2025-06-05 12:04:00+05:30,both_sl_hit,2025-06
2025-06-06,2025-06-10,2,24712.65,186.3,164.15,350.45,229.7,213.4,False,True,-2821.0,-3200.92,-6021.92,loss_limit,False,False,fixed,fixed,09:35,2025-06-06 11:55:00+05:30,2025-06-06 10:06:00+05:30,1,2025-06-06 11:55:00+05:30,loss_limit,2025-06
2025-06-09,2025-06-10,1,25083.65,149.6,167.35,316.95,139.75,129.9,False,False,640.25,2434.25,3074.5,hard_exit,False,False,fixed,fixed,09:30,2025-06-09 15:15:00+05:30,2025-06-09 15:15:00+05:30,1,2025-06-09 15:15:00+05:30,hard_exit,2025-06
2025-06-10,2025-06-10,0,25072.0,129.2,109.85,239.05,84.7,142.8,False,True,2892.5,-2142.08,750.42,hard_exit,False,False,fixed,fixed,09:30,2025-06-10 15:15:00+05:30,2025-06-10 09:38:00+05:30,1,2025-06-10 15:15:00+05:30,hard_exit,2025-06
2025-06-11,2025-06-17,4,25124.9,78.85,63.3,142.15,66.9,82.29,False,True,776.75,-1234.35,-457.6,hard_exit,False,False,fixed,fixed,09:45,2025-06-11 15:15:00+05:30,2025-06-11 09:47:00+05:30,1,2025-06-11 15:15:00+05:30,hard_exit,2025-06
2025-06-12,2025-06-17,3,25138.55,49.95,71.45,121.4,64.94,18.4,True,False,-974.02,3448.25,2474.23,winner_booking_pe_26pct,False,False,fixed,fixed,09:40,2025-06-12 09:43:00+05:30,2025-06-12 14:17:00+05:30,1,2025-06-12 14:17:00+05:30,winner_booking,2025-06
2025-06-12,2025-06-17,3,24903.95,9.35,5.8,15.15,2.7,7.54,False,True,432.25,-113.1,319.15,winner_booking_ce_29pct,False,False,fixed,fixed,09:40,2025-06-12 15:07:00+05:30,2025-06-12 15:07:00+05:30,2,2025-06-12 15:07:00+05:30,winner_booking,2025-06
2025-06-13,2025-06-17,2,24593.8,194.15,195.45,389.6,166.2,193.5,False,False,1816.75,126.75,1943.5,hard_exit,False,False,fixed,fixed,09:35,2025-06-13 15:15:00+05:30,2025-06-13 15:15:00+05:30,1,2025-06-13 15:15:00+05:30,hard_exit,2025-06
2025-06-16,2025-06-17,1,24770.4,162.7,129.15,291.85,141.75,134.2,False,False,1361.75,-328.25,1033.5,hard_exit,False,False,fixed,fixed,09:30,2025-06-16 15:15:00+05:30,2025-06-16 15:15:00+05:30,1,2025-06-16 15:15:00+05:30,hard_exit,2025-06
2025-06-17,2025-06-17,0,24872.45,134.25,117.05,251.3,99.3,113.8,False,False,2271.75,211.25,2483.0,hard_exit,False,False,fixed,fixed,09:30,2025-06-17 15:15:00+05:30,2025-06-17 15:15:00+05:30,1,2025-06-17 15:15:00+05:30,hard_exit,2025-06
2025-06-18,2025-06-24,4,24945.15,100.0,102.4,202.4,78.4,86.35,False,False,1404.0,1043.25,2447.25,hard_exit,False,False,fixed,fixed,09:45,2025-06-18 15:15:00+05:30,2025-06-18 15:15:00+05:30,1,2025-06-18 15:15:00+05:30,hard_exit,2025-06
2025-06-19,2025-06-24,3,24834.25,31.7,43.3,75.0,41.21,11.2,True,False,-618.15,2086.5,1468.35,winner_booking_pe_26pct,False,False,fixed,fixed,09:40,2025-06-19 09:46:00+05:30,2025-06-19 13:39:00+05:30,1,2025-06-19 13:39:00+05:30,winner_booking,2025-06
2025-06-19,2025-06-24,3,24830.2,5.0,20.5,25.5,6.5,4.55,True,False,-97.5,1036.75,939.25,winner_booking_pe_22pct,False,False,fixed,fixed,09:40,2025-06-19 14:26:00+05:30,2025-06-19 14:26:00+05:30,2,2025-06-19 14:26:00+05:30,winner_booking,2025-06
2025-06-19,2025-06-24,3,24797.85,4.0,3.95,7.95,1.2,3.95,False,False,182.0,0.0,182.0,asymmetric_book_ce_30pct,False,False,fixed,fixed,09:40,2025-06-19 15:14:00+05:30,2025-06-19 15:15:00+05:30,3,2025-06-19 15:15:00+05:30,asymmetric_book,2025-06
2025-06-20,2025-06-24,2,24843.25,165.85,157.0,322.85,215.6,151.8,True,False,-3234.08,338.0,-2896.08,hard_exit,False,False,fixed,fixed,09:35,2025-06-20 10:34:00+05:30,2025-06-20 15:15:00+05:30,1,2025-06-20 15:15:00+05:30,hard_exit,2025-06
2025-06-23,2025-06-24,1,24910.8,149.7,139.05,288.75,132.0,136.9,False,False,1150.5,139.75,1290.25,hard_exit,False,False,fixed,fixed,09:30,2025-06-23 15:15:00+05:30,2025-06-23 15:15:00+05:30,1,2025-06-23 15:15:00+05:30,hard_exit,2025-06
2025-06-24,2025-06-24,0,25199.75,123.45,108.1,231.55,160.49,74.62,True,True,-2407.28,2176.2,-231.08,both_sl_hit,False,False,fixed,breakeven,09:30,2025-06-24 09:48:00+05:30,2025-06-24 09:53:00+05:30,1,2025-06-24 09:53:00+05:30,both_sl_hit,2025-06
2025-06-24,2025-06-24,0,25216.85,145.7,104.75,250.45,120.9,95.7,False,False,1612.0,588.25,2200.25,hard_exit,False,False,fixed,fixed,09:30,2025-06-24 15:15:00+05:30,2025-06-24 15:15:00+05:30,2,2025-06-24 15:15:00+05:30,hard_exit,2025-06
2025-06-25,2025-07-01,4,25193.55,98.4,80.65,179.05,68.35,68.0,False,False,1953.25,822.25,2775.5,hard_exit,False,False,fixed,fixed,09:45,2025-06-25 15:15:00+05:30,2025-06-25 15:15:00+05:30,1,2025-06-25 15:15:00+05:30,hard_exit,2025-06
2025-06-26,2025-07-01,3,25352.25,71.15,61.0,132.15,92.5,79.3,True,True,-1387.42,-1189.5,-2576.92,both_sl_hit,False,False,fixed,fixed,09:40,2025-06-26 10:03:00+05:30,2025-06-26 10:18:00+05:30,1,2025-06-26 10:18:00+05:30,both_sl_hit,2025-06
2025-06-27,2025-07-01,2,25571.35,189.35,141.5,330.85,144.2,132.75,False,False,2934.75,568.75,3503.5,hard_exit,False,False,fixed,fixed,09:35,2025-06-27 15:15:00+05:30,2025-06-27 15:15:00+05:30,1,2025-06-27 15:15:00+05:30,hard_exit,2025-06
2025-06-30,2025-07-01,1,25609.85,151.15,122.65,273.8,119.1,135.85,False,False,2083.25,-858.0,1225.25,hard_exit,False,False,fixed,fixed,09:30,2025-06-30 15:15:00+05:30,2025-06-30 15:15:00+05:30,1,2025-06-30 15:15:00+05:30,hard_exit,2025-06
2025-07-01,2025-07-01,0,25584.35,104.65,124.95,229.6,97.75,83.8,False,False,448.5,2674.75,3123.25,hard_exit,False,False,fixed,fixed,09:30,2025-07-01 15:15:00+05:30,2025-07-01 15:15:00+05:30,1,2025-07-01 15:15:00+05:30,hard_exit,2025-07
2025-07-02,2025-07-08,4,25533.65,79.25,77.85,157.1,103.02,64.7,True,False,-1545.38,854.75,-690.63,hard_exit,False,False,fixed,fixed,09:45,2025-07-02 10:01:00+05:30,2025-07-02 15:15:00+05:30,1,2025-07-02 15:15:00+05:30,hard_exit,2025-07
2025-07-03,2025-07-08,3,25473.6,45.0,34.8,79.8,58.5,45.24,True,True,-877.5,-678.6,-1556.1,both_sl_hit,False,False,fixed,fixed,09:40,2025-07-03 11:42:00+05:30,2025-07-03 09:41:00+05:30,1,2025-07-03 11:42:00+05:30,both_sl_hit,2025-07
2025-07-03,2025-07-08,3,25508.25,27.25,29.1,56.35,35.43,37.83,True,True,-531.38,-567.45,-1098.83,both_sl_hit,False,False,fixed,fixed,09:40,2025-07-03 12:29:00+05:30,2025-07-03 12:41:00+05:30,2,2025-07-03 12:41:00+05:30,both_sl_hit,2025-07
2025-07-03,2025-07-08,3,25500.6,34.4,43.3,77.7,44.72,56.29,True,True,-670.8,-844.35,-1515.15,both_sl_hit,False,False,fixed,fixed,09:40,2025-07-03 13:34:00+05:30,2025-07-03 13:35:00+05:30,3,2025-07-03 13:35:00+05:30,both_sl_hit,2025-07
2025-07-04,2025-07-08,2,25400.9,162.1,136.85,298.95,147.15,126.0,False,False,971.75,705.25,1677.0,hard_exit,False,False,fixed,fixed,09:35,2025-07-04 15:15:00+05:30,2025-07-04 15:15:00+05:30,1,2025-07-04 15:15:00+05:30,hard_exit,2025-07
2025-07-07,2025-07-08,1,25449.45,120.0,118.4,238.4,123.95,106.2,False,False,-256.75,793.0,536.25,hard_exit,False,False,fixed,fixed,09:30,2025-07-07 15:15:00+05:30,2025-07-07 15:15:00+05:30,1,2025-07-07 15:15:00+05:30,hard_exit,2025-07
2025-07-08,2025-07-08,0,25493.55,106.0,100.1,206.1,94.6,85.15,False,False,741.0,971.75,1712.75,hard_exit,False,False,fixed,fixed,09:30,2025-07-08 15:15:00+05:30,2025-07-08 15:15:00+05:30,1,2025-07-08 15:15:00+05:30,hard_exit,2025-07
2025-07-09,2025-07-15,4,25485.3,68.9,68.4,137.3,89.57,64.5,True,False,-1343.55,253.5,-1090.05,hard_exit,False,False,fixed,fixed,09:45,2025-07-09 10:10:00+05:30,2025-07-09 15:15:00+05:30,1,2025-07-09 15:15:00+05:30,hard_exit,2025-07
2025-07-10,2025-07-15,3,25439.85,44.15,50.0,94.15,57.4,65.0,True,True,-860.93,-975.0,-1835.93,both_sl_hit,False,False,fixed,fixed,09:40,2025-07-10 09:53:00+05:30,2025-07-10 09:58:00+05:30,1,2025-07-10 09:58:00+05:30,both_sl_hit,2025-07
2025-07-10,2025-07-15,3,25413.4,58.8,35.85,94.65,17.2,46.6,False,True,2704.0,-699.08,2004.92,winner_booking_ce_29pct,False,False,fixed,fixed,09:40,2025-07-10 13:43:00+05:30,2025-07-10 10:52:00+05:30,2,2025-07-10 13:43:00+05:30,winner_booking,2025-07
2025-07-10,2025-07-15,3,25408.05,29.6,10.45,40.05,38.48,13.58,True,True,-577.2,-203.77,-780.98,both_sl_hit,False,False,fixed,fixed,09:40,2025-07-10 14:48:00+05:30,2025-07-10 14:49:00+05:30,3,2025-07-10 14:49:00+05:30,both_sl_hit,2025-07
2025-07-11,2025-07-15,2,25287.85,131.7,118.8,250.5,143.5,105.15,False,False,-767.0,887.25,120.25,hard_exit,False,False,fixed,fixed,09:35,2025-07-11 15:15:00+05:30,2025-07-11 15:15:00+05:30,1,2025-07-11 15:15:00+05:30,hard_exit,2025-07
2025-07-14,2025-07-15,1,25073.2,133.0,96.9,229.9,119.6,89.7,False,False,871.0,468.0,1339.0,hard_exit,False,False,fixed,fixed,09:30,2025-07-14 15:15:00+05:30,2025-07-14 15:15:00+05:30,1,2025-07-14 15:15:00+05:30,hard_exit,2025-07
2025-07-15,2025-07-15,0,25139.5,94.2,83.95,178.15,84.65,59.95,False,False,620.75,1560.0,2180.75,hard_exit,False,False,fixed,fixed,09:30,2025-07-15 15:15:00+05:30,2025-07-15 15:15:00+05:30,1,2025-07-15 15:15:00+05:30,hard_exit,2025-07
2025-07-16,2025-07-22,4,25151.85,70.55,60.8,131.35,65.0,79.04,False,True,360.75,-1185.6,-824.85,hard_exit,False,False,fixed,fixed,09:45,2025-07-16 15:15:00+05:30,2025-07-16 12:47:00+05:30,1,2025-07-16 15:15:00+05:30,hard_exit,2025-07
2025-07-17,2025-07-22,3,25190.5,33.8,40.0,73.8,43.94,52.0,True,True,-659.1,-780.0,-1439.1,both_sl_hit,False,False,fixed,fixed,09:40,2025-07-17 10:08:00+05:30,2025-07-17 11:11:00+05:30,1,2025-07-17 11:11:00+05:30,both_sl_hit,2025-07
2025-07-17,2025-07-22,3,25189.75,28.8,24.8,53.6,37.44,5.05,True,False,-561.6,1283.75,722.15,winner_booking_pe_20pct,False,False,fixed,fixed,09:40,2025-07-17 12:36:00+05:30,2025-07-17 14:03:00+05:30,2,2025-07-17 14:03:00+05:30,winner_booking,2025-07
2025-07-17,2025-07-22,3,25121.3,31.15,4.95,36.1,4.85,6.44,False,True,1709.5,-96.53,1612.97,winner_booking_ce_16pct,False,False,fixed,fixed,09:40,2025-07-17 14:50:00+05:30,2025-07-17 14:50:00+05:30,3,2025-07-17 14:50:00+05:30,winner_booking,2025-07
2025-07-18,2025-07-22,2,25072.6,159.05,100.5,259.55,163.05,130.65,False,True,-260.0,-1959.75,-2219.75,hard_exit,False,False,fixed,fixed,09:35,2025-07-18 15:15:00+05:30,2025-07-18 10:16:00+05:30,1,2025-07-18 15:15:00+05:30,hard_exit,2025-07
2025-07-21,2025-07-22,1,24912.1,121.8,94.75,216.55,95.05,91.4,False,False,1738.75,217.75,1956.5,hard_exit,False,False,fixed,fixed,09:30,2025-07-21 15:15:00+05:30,2025-07-21 15:15:00+05:30,1,2025-07-21 15:15:00+05:30,hard_exit,2025-07
2025-07-22,2025-07-22,0,25124.75,98.35,67.7,166.05,89.8,88.01,False,True,555.75,-1320.15,-764.4,hard_exit,False,False,fixed,fixed,09:30,2025-07-22 15:15:00+05:30,2025-07-22 09:31:00+05:30,1,2025-07-22 15:15:00+05:30,hard_exit,2025-07
2025-07-23,2025-07-29,4,25100.35,67.9,56.25,124.15,39.05,62.3,False,False,1875.25,-393.25,1482.0,hard_exit,False,False,fixed,fixed,09:45,2025-07-23 15:15:00+05:30,2025-07-23 15:15:00+05:30,1,2025-07-23 15:15:00+05:30,hard_exit,2025-07
2025-07-24,2025-07-29,3,25184.3,28.8,37.2,66.0,37.44,48.36,True,True,-561.6,-725.4,-1287.0,both_sl_hit,False,False,fixed,fixed,09:40,2025-07-24 09:50:00+05:30,2025-07-24 12:04:00+05:30,1,2025-07-24 12:04:00+05:30,both_sl_hit,2025-07
2025-07-24,2025-07-29,3,25077.25,21.0,39.0,60.0,27.3,11.05,True,False,-409.5,1816.75,1407.25,winner_booking_pe_28pct,False,False,fixed,fixed,09:40,2025-07-24 12:54:00+05:30,2025-07-24 13:42:00+05:30,2,2025-07-24 13:42:00+05:30,winner_booking,2025-07
2025-07-24,2025-07-29,3,25074.75,39.3,5.5,44.8,8.25,7.15,False,True,2018.25,-107.25,1911.0,winner_booking_ce_21pct,False,False,fixed,fixed,09:40,2025-07-24 14:29:00+05:30,2025-07-24 14:29:00+05:30,3,2025-07-24 14:29:00+05:30,winner_booking,2025-07
2025-07-25,2025-07-29,2,24962.5,142.0,109.45,251.45,124.85,142.28,False,True,1114.75,-2134.27,-1019.52,hard_exit,False,False,fixed,fixed,09:35,2025-07-25 15:15:00+05:30,2025-07-25 12:40:00+05:30,1,2025-07-25 15:15:00+05:30,hard_exit,2025-07
2025-07-28,2025-07-29,1,24802.9,129.0,97.6,226.6,140.3,80.2,False,False,-734.5,1131.0,396.5,hard_exit,False,False,fixed,fixed,09:30,2025-07-28 15:15:00+05:30,2025-07-28 15:15:00+05:30,1,2025-07-28 15:15:00+05:30,hard_exit,2025-07
2025-07-29,2025-07-29,0,24703.25,117.15,87.25,204.4,100.8,58.0,False,False,1062.75,1901.25,2964.0,hard_exit,False,False,fixed,fixed,09:30,2025-07-29 15:15:00+05:30,2025-07-29 15:15:00+05:30,1,2025-07-29 15:15:00+05:30,hard_exit,2025-07
2025-07-30,2025-08-05,4,24861.05,78.6,65.3,143.9,72.2,84.89,False,True,416.0,-1273.35,-857.35,hard_exit,False,False,fixed,fixed,09:45,2025-07-30 15:15:00+05:30,2025-07-30 09:50:00+05:30,1,2025-07-30 15:15:00+05:30,hard_exit,2025-07
2025-07-31,2025-08-05,3,24690.3,44.4,59.6,104.0,57.72,14.5,True,False,-865.8,2931.5,2065.7,winner_booking_pe_24pct,False,False,fixed,fixed,09:40,2025-07-31 10:00:00+05:30,2025-07-31 14:02:00+05:30,1,2025-07-31 14:02:00+05:30,winner_booking,2025-07
2025-07-31,2025-08-05,3,24855.5,15.85,15.0,30.85,20.6,19.5,True,True,-309.08,-292.5,-601.58,both_sl_hit,False,False,fixed,fixed,09:40,2025-07-31 14:49:00+05:30,2025-07-31 14:54:00+05:30,2,2025-07-31 14:54:00+05:30,both_sl_hit,2025-07
2025-08-01,2025-08-05,2,24716.25,169.3,136.95,306.25,158.5,146.8,False,False,702.0,-640.25,61.75,hard_exit,False,False,fixed,fixed,09:35,2025-08-01 15:15:00+05:30,2025-08-01 15:15:00+05:30,1,2025-08-01 15:15:00+05:30,hard_exit,2025-08
2025-08-04,2025-08-05,1,24664.7,150.95,119.4,270.35,135.65,102.6,False,False,994.5,1092.0,2086.5,hard_exit,False,False,fixed,fixed,09:30,2025-08-04 15:15:00+05:30,2025-08-04 15:15:00+05:30,1,2025-08-04 15:15:00+05:30,hard_exit,2025-08
2025-08-05,2025-08-05,0,24675.6,96.2,116.5,212.7,125.06,88.4,True,False,-1875.9,1826.5,-49.4,hard_exit,False,False,fixed,fixed,09:30,2025-08-05 09:45:00+05:30,2025-08-05 15:15:00+05:30,1,2025-08-05 15:15:00+05:30,hard_exit,2025-08
2025-08-06,2025-08-12,4,24622.0,113.0,72.5,185.5,86.15,94.25,False,True,1745.25,-1413.75,331.5,hard_exit,False,False,fixed,fixed,09:45,2025-08-06 15:15:00+05:30,2025-08-06 09:52:00+05:30,1,2025-08-06 15:15:00+05:30,hard_exit,2025-08
2025-08-07,2025-08-12,3,24514.35,52.55,36.75,89.3,15.5,47.78,False,True,2408.25,-716.62,1691.62,winner_booking_ce_29pct,False,False,fixed,fixed,09:40,2025-08-07 13:05:00+05:30,2025-08-07 10:01:00+05:30,1,2025-08-07 13:05:00+05:30,winner_booking,2025-08
2025-08-07,2025-08-12,3,24378.4,19.65,40.35,60.0,25.54,12.05,True,False,-383.17,1839.5,1456.32,winner_booking_pe_30pct,False,False,fixed,fixed,09:40,2025-08-07 13:51:00+05:30,2025-08-07 14:44:00+05:30,2,2025-08-07 14:44:00+05:30,winner_booking,2025-08
2025-08-08,2025-08-12,2,24502.8,152.8,124.95,277.75,164.85,106.5,False,False,-783.25,1199.25,416.0,hard_exit,False,False,fixed,fixed,09:35,2025-08-08 15:15:00+05:30,2025-08-08 15:15:00+05:30,1,2025-08-08 15:15:00+05:30,hard_exit,2025-08
2025-08-11,2025-08-12,1,24388.6,131.7,116.95,248.65,92.5,113.35,False,False,2548.0,234.0,2782.0,hard_exit,False,False,fixed,fixed,09:30,2025-08-11 15:15:00+05:30,2025-08-11 15:15:00+05:30,1,2025-08-11 15:15:00+05:30,hard_exit,2025-08
2025-08-12,2025-08-12,0,24614.4,105.25,82.35,187.6,136.83,107.06,True,True,-2052.38,-1605.82,-3658.2,both_sl_hit,False,False,fixed,fixed,09:30,2025-08-12 10:31:00+05:30,2025-08-12 10:32:00+05:30,1,2025-08-12 10:32:00+05:30,both_sl_hit,2025-08
2025-08-13,2025-08-19,3,24575.4,75.2,74.95,150.15,97.76,40.45,True,False,-1466.4,2242.5,776.1,hard_exit,False,False,fixed,fixed,09:40,2025-08-13 09:44:00+05:30,2025-08-13 15:15:00+05:30,1,2025-08-13 15:15:00+05:30,hard_exit,2025-08
2025-08-14,2025-08-19,2,24619.85,58.8,37.05,95.85,17.6,48.16,False,True,2678.0,-722.48,1955.52,winner_booking_ce_30pct,False,False,fixed,fixed,09:35,2025-08-14 13:29:00+05:30,2025-08-14 09:36:00+05:30,1,2025-08-14 13:29:00+05:30,winner_booking,2025-08
2025-08-14,2025-08-19,2,24637.7,11.05,24.25,35.3,14.37,31.52,True,True,-215.48,-472.88,-688.35,both_sl_hit,False,False,fixed,fixed,09:35,2025-08-14 14:17:00+05:30,2025-08-14 14:19:00+05:30,2,2025-08-14 14:19:00+05:30,both_sl_hit,2025-08
2025-08-14,2025-08-19,2,24637.1,1.65,15.65,17.3,2.14,20.35,True,True,-32.18,-305.18,-337.35,both_sl_hit,False,False,fixed,fixed,09:35,2025-08-14 15:05:00+05:30,2025-08-14 15:13:00+05:30,3,2025-08-14 15:13:00+05:30,both_sl_hit,2025-08
2025-08-18,2025-08-19,1,24979.0,135.05,126.35,261.4,130.35,90.75,False,False,305.5,2314.0,2619.5,hard_exit,False,False,fixed,fixed,09:30,2025-08-18 15:15:00+05:30,2025-08-18 15:15:00+05:30,1,2025-08-18 15:15:00+05:30,hard_exit,2025-08
2025-08-19,2025-08-19,0,24910.7,105.3,79.8,185.1,76.4,76.2,False,False,1878.5,234.0,2112.5,hard_exit,False,False,fixed,fixed,09:30,2025-08-19 15:15:00+05:30,2025-08-19 15:15:00+05:30,1,2025-08-19 15:15:00+05:30,hard_exit,2025-08
2025-08-20,2025-08-26,4,24972.0,79.05,61.0,140.05,51.3,79.3,False,True,1803.75,-1189.5,614.25,hard_exit,False,False,fixed,fixed,09:45,2025-08-20 15:15:00+05:30,2025-08-20 09:47:00+05:30,1,2025-08-20 15:15:00+05:30,hard_exit,2025-08
2025-08-21,2025-08-26,3,25057.6,41.45,34.75,76.2,53.89,45.18,True,True,-808.28,-677.63,-1485.9,both_sl_hit,False,False,fixed,fixed,09:40,2025-08-21 10:07:00+05:30,2025-08-21 09:47:00+05:30,1,2025-08-21 10:07:00+05:30,both_sl_hit,2025-08
2025-08-21,2025-08-26,3,25125.95,25.1,46.6,71.7,32.63,13.25,True,False,-489.45,2167.75,1678.3,winner_booking_pe_28pct,False,False,fixed,fixed,09:40,2025-08-21 11:02:00+05:30,2025-08-21 12:46:00+05:30,2,2025-08-21 12:46:00+05:30,winner_booking,2025-08
2025-08-21,2025-08-26,3,25100.1,21.75,19.6,41.35,28.28,25.48,True,True,-424.13,-382.2,-806.33,both_sl_hit,False,False,fixed,fixed,09:40,2025-08-21 13:54:00+05:30,2025-08-21 13:34:00+05:30,3,2025-08-21 13:54:00+05:30,both_sl_hit,2025-08
2025-08-22,2025-08-26,2,24967.65,141.55,104.1,245.65,144.9,88.2,False,False,-217.75,1033.5,815.75,hard_exit,False,False,fixed,fixed,09:35,2025-08-22 15:15:00+05:30,2025-08-22 15:15:00+05:30,1,2025-08-22 15:15:00+05:30,hard_exit,2025-08
2025-08-25,2025-08-26,1,24947.5,99.55,84.5,184.05,97.2,62.15,False,False,152.75,1452.75,1605.5,hard_exit,False,False,fixed,fixed,09:30,2025-08-25 15:15:00+05:30,2025-08-25 15:15:00+05:30,1,2025-08-25 15:15:00+05:30,hard_exit,2025-08
2025-08-26,2025-08-26,0,24787.85,79.35,79.4,158.75,87.15,51.9,False,False,-507.0,1787.5,1280.5,hard_exit,False,False,fixed,fixed,09:30,2025-08-26 15:15:00+05:30,2025-08-26 15:15:00+05:30,1,2025-08-26 15:15:00+05:30,hard_exit,2025-08
2025-08-28,2025-09-02,3,24574.7,65.4,41.2,106.6,19.25,53.56,False,True,2999.75,-803.4,2196.35,winner_booking_ce_29pct,False,False,fixed,fixed,09:40,2025-08-28 12:59:00+05:30,2025-08-28 09:45:00+05:30,1,2025-08-28 12:59:00+05:30,winner_booking,2025-08
2025-08-28,2025-09-02,3,24552.0,29.35,26.5,55.85,38.16,34.45,True,True,-572.32,-516.75,-1089.08,both_sl_hit,False,False,fixed,fixed,09:40,2025-08-28 14:10:00+05:30,2025-08-28 13:52:00+05:30,2,2025-08-28 14:10:00+05:30,both_sl_hit,2025-08
2025-08-28,2025-09-02,3,24513.2,22.5,10.05,32.55,4.4,13.07,False,True,1176.5,-195.98,980.52,winner_booking_ce_20pct,False,False,fixed,fixed,09:40,2025-08-28 14:57:00+05:30,2025-08-28 14:57:00+05:30,3,2025-08-28 14:57:00+05:30,winner_booking,2025-08
2025-08-29,2025-09-02,2,24487.85,119.6,103.85,223.45,120.9,64.85,False,False,-84.5,2535.0,2450.5,hard_exit,False,False,fixed,fixed,09:35,2025-08-29 15:15:00+05:30,2025-08-29 15:15:00+05:30,1,2025-08-29 15:15:00+05:30,hard_exit,2025-08
2025-09-01,2025-09-02,1,24531.7,73.0,59.85,132.85,94.9,40.65,True,False,-1423.5,1248.0,-175.5,hard_exit,False,False,fixed,fixed,09:30,2025-09-01 10:14:00+05:30,2025-09-01 15:15:00+05:30,1,2025-09-01 15:15:00+05:30,hard_exit,2025-09
2025-09-02,2025-09-02,0,24660.9,47.2,30.85,78.05,61.36,40.11,True,True,-920.4,-601.58,-1521.98,both_sl_hit,False,False,fixed,fixed,09:30,2025-09-02 09:57:00+05:30,2025-09-02 09:33:00+05:30,1,2025-09-02 09:57:00+05:30,both_sl_hit,2025-09
2025-09-02,2025-09-02,0,24733.55,32.6,36.65,69.25,42.38,47.64,True,True,-635.7,-714.68,-1350.38,both_sl_hit,False,False,fixed,fixed,09:30,2025-09-02 11:21:00+05:30,2025-09-02 14:10:00+05:30,2,2025-09-02 14:10:00+05:30,both_sl_hit,2025-09
2025-09-02,2025-09-02,0,24575.35,5.85,31.55,37.4,7.6,41.02,True,True,-114.07,-615.22,-729.3,both_sl_hit,False,False,fixed,fixed,09:30,2025-09-02 14:56:00+05:30,2025-09-02 14:58:00+05:30,3,2025-09-02 14:58:00+05:30,both_sl_hit,2025-09
2025-09-03,2025-09-09,4,24557.1,140.25,104.5,244.75,133.8,96.7,False,False,419.25,507.0,926.25,hard_exit,False,False,fixed,fixed,09:45,2025-09-03 15:15:00+05:30,2025-09-03 15:15:00+05:30,1,2025-09-03 15:15:00+05:30,hard_exit,2025-09
2025-09-04,2025-09-09,3,24909.1,121.45,86.7,208.15,122.1,112.71,False,True,-42.25,-1690.65,-1732.9,hard_exit,False,False,fixed,fixed,09:40,2025-09-04 15:15:00+05:30,2025-09-04 10:47:00+05:30,1,2025-09-04 15:15:00+05:30,hard_exit,2025-09
2025-09-05,2025-09-09,2,24791.05,89.6,81.1,170.7,116.48,105.43,True,True,-1747.2,-1581.45,-3328.65,both_sl_hit,False,False,fixed,fixed,09:35,2025-09-05 10:11:00+05:30,2025-09-05 10:12:00+05:30,1,2025-09-05 10:12:00+05:30,both_sl_hit,2025-09
2025-09-08,2025-09-09,1,24802.45,79.85,56.0,135.85,87.7,72.8,False,True,-510.25,-1092.0,-1602.25,hard_exit,False,False,fixed,fixed,09:30,2025-09-08 15:15:00+05:30,2025-09-08 10:11:00+05:30,1,2025-09-08 15:15:00+05:30,hard_exit,2025-09
2025-09-09,2025-09-09,0,24860.1,55.45,34.95,90.4,16.6,45.44,False,True,2525.25,-681.52,1843.72,winner_booking_ce_30pct,False,False,fixed,fixed,09:30,2025-09-09 14:13:00+05:30,2025-09-09 09:34:00+05:30,1,2025-09-09 14:13:00+05:30,winner_booking,2025-09
2025-09-09,2025-09-09,0,24858.8,13.4,4.7,18.1,17.42,1.2,True,False,-261.3,227.5,-33.8,winner_booking_pe_26pct,False,False,fixed,fixed,09:30,2025-09-09 15:00:00+05:30,2025-09-09 15:02:00+05:30,2,2025-09-09 15:02:00+05:30,winner_booking,2025-09
2025-09-10,2025-09-16,4,25013.9,146.25,102.1,248.35,121.1,100.45,False,False,1634.75,107.25,1742.0,hard_exit,False,False,fixed,fixed,09:45,2025-09-10 15:15:00+05:30,2025-09-10 15:15:00+05:30,1,2025-09-10 15:15:00+05:30,hard_exit,2025-09
2025-09-11,2025-09-16,3,24975.35,108.95,94.7,203.65,141.64,71.15,True,False,-2124.53,1530.75,-593.78,hard_exit,False,False,fixed,fixed,09:40,2025-09-11 10:01:00+05:30,2025-09-11 15:15:00+05:30,1,2025-09-11 15:15:00+05:30,hard_exit,2025-09
2025-09-12,2025-09-16,2,25044.45,94.6,70.3,164.9,93.9,58.65,False,False,45.5,757.25,802.75,hard_exit,False,False,fixed,fixed,09:35,2025-09-12 15:15:00+05:30,2025-09-12 15:15:00+05:30,1,2025-09-12 15:15:00+05:30,hard_exit,2025-09
2025-09-15,2025-09-16,1,25105.8,70.7,51.55,122.25,79.15,29.35,False,False,-549.25,1443.0,893.75,hard_exit,False,False,fixed,fixed,09:30,2025-09-15 15:15:00+05:30,2025-09-15 15:15:00+05:30,1,2025-09-15 15:15:00+05:30,hard_exit,2025-09
2025-09-16,2025-09-16,0,25113.6,45.85,27.8,73.65,59.6,36.14,True,True,-894.08,-542.1,-1436.18,both_sl_hit,False,False,fixed,fixed,09:30,2025-09-16 10:01:00+05:30,2025-09-16 09:33:00+05:30,1,2025-09-16 10:01:00+05:30,both_sl_hit,2025-09
2025-09-16,2025-09-16,0,25159.25,49.85,30.4,80.25,14.8,39.52,False,True,2278.25,-592.8,1685.45,winner_booking_ce_30pct,False,False,fixed,fixed,09:30,2025-09-16 13:30:00+05:30,2025-09-16 11:46:00+05:30,2,2025-09-16 13:30:00+05:30,winner_booking,2025-09
2025-09-16,2025-09-16,0,25178.95,8.8,28.8,37.6,11.44,6.75,True,False,-171.6,1433.25,1261.65,winner_booking_pe_23pct,False,False,fixed,fixed,09:30,2025-09-16 14:18:00+05:30,2025-09-16 14:38:00+05:30,3,2025-09-16 14:38:00+05:30,winner_booking,2025-09
2025-09-17,2025-09-23,4,25319.45,148.05,78.05,226.1,124.65,91.05,False,False,1521.0,-845.0,676.0,hard_exit,False,False,fixed,fixed,09:45,2025-09-17 15:15:00+05:30,2025-09-17 15:15:00+05:30,1,2025-09-17 15:15:00+05:30,hard_exit,2025-09
2025-09-18,2025-09-23,3,25411.7,122.2,63.4,185.6,93.05,68.15,False,False,1894.75,-308.75,1586.0,hard_exit,False,False,fixed,fixed,09:40,2025-09-18 15:15:00+05:30,2025-09-18 15:15:00+05:30,1,2025-09-18 15:15:00+05:30,hard_exit,2025-09
2025-09-19,2025-09-23,2,25339.6,81.5,79.0,160.5,105.95,57.9,True,False,-1589.25,1371.5,-217.75,hard_exit,False,False,fixed,fixed,09:35,2025-09-19 10:32:00+05:30,2025-09-19 15:15:00+05:30,1,2025-09-19 15:15:00+05:30,hard_exit,2025-09
2025-09-22,2025-09-23,1,25286.15,60.4,55.75,116.15,78.52,43.15,True,False,-1177.8,819.0,-358.8,hard_exit,False,False,fixed,fixed,09:30,2025-09-22 09:36:00+05:30,2025-09-22 15:15:00+05:30,1,2025-09-22 15:15:00+05:30,hard_exit,2025-09
2025-09-23,2025-09-23,0,25172.5,59.5,26.15,85.65,13.05,33.99,False,True,3019.25,-509.92,2509.32,winner_booking_ce_22pct,False,False,fixed,fixed,09:30,2025-09-23 14:37:00+05:30,2025-09-23 09:37:00+05:30,1,2025-09-23 14:37:00+05:30,winner_booking,2025-09
2025-09-24,2025-09-30,4,25053.65,145.85,90.9,236.75,141.3,79.95,False,False,295.75,711.75,1007.5,hard_exit,False,False,fixed,fixed,09:45,2025-09-24 15:15:00+05:30,2025-09-24 15:15:00+05:30,1,2025-09-24 15:15:00+05:30,hard_exit,2025-09
2025-09-25,2025-09-30,3,25079.1,106.0,89.25,195.25,137.8,66.15,True,False,-2067.0,1501.5,-565.5,hard_exit,False,False,fixed,fixed,09:40,2025-09-25 12:06:00+05:30,2025-09-25 15:15:00+05:30,1,2025-09-25 15:15:00+05:30,hard_exit,2025-09
2025-09-26,2025-09-30,2,24774.3,142.15,56.9,199.05,106.65,73.97,False,True,2307.5,-1109.55,1197.95,hard_exit,False,False,fixed,fixed,09:35,2025-09-26 15:15:00+05:30,2025-09-26 09:36:00+05:30,1,2025-09-26 15:15:00+05:30,hard_exit,2025-09
2025-09-29,2025-09-30,1,24709.7,105.2,46.75,151.95,76.95,60.78,False,True,1836.25,-911.62,924.63,hard_exit,False,False,fixed,fixed,09:30,2025-09-29 15:15:00+05:30,2025-09-29 12:47:00+05:30,1,2025-09-29 15:15:00+05:30,hard_exit,2025-09
2025-09-30,2025-09-30,0,24655.65,66.3,45.35,111.65,18.15,58.96,False,True,3129.75,-884.33,2245.42,winner_booking_ce_27pct,False,False,fixed,fixed,09:30,2025-09-30 13:54:00+05:30,2025-09-30 09:33:00+05:30,1,2025-09-30 13:54:00+05:30,winner_booking,2025-09
2025-09-30,2025-09-30,0,24631.95,13.25,23.9,37.15,17.23,31.07,True,True,-258.38,-466.05,-724.43,both_sl_hit,False,False,fixed,fixed,09:30,2025-09-30 14:41:00+05:30,2025-09-30 14:52:00+05:30,2,2025-09-30 14:52:00+05:30,both_sl_hit,2025-09
2025-10-01,2025-10-07,3,24667.45,144.15,96.45,240.6,105.7,85.25,False,False,2499.25,728.0,3227.25,hard_exit,False,False,fixed,fixed,09:40,2025-10-01 15:15:00+05:30,2025-10-01 15:15:00+05:30,1,2025-10-01 15:15:00+05:30,hard_exit,2025-10
2025-10-03,2025-10-07,2,24763.05,112.0,66.6,178.6,71.9,86.58,False,True,2606.5,-1298.7,1307.8,hard_exit,False,False,fixed,fixed,09:35,2025-10-03 15:15:00+05:30,2025-10-03 09:38:00+05:30,1,2025-10-03 15:15:00+05:30,hard_exit,2025-10
2025-10-06,2025-10-07,1,24888.1,57.9,64.7,122.6,75.27,44.5,True,False,-1129.05,1313.0,183.95,hard_exit,False,False,fixed,fixed,09:30,2025-10-06 10:20:00+05:30,2025-10-06 15:15:00+05:30,1,2025-10-06 15:15:00+05:30,hard_exit,2025-10
2025-10-07,2025-10-07,0,25111.65,50.8,36.0,86.8,66.04,46.8,True,True,-990.6,-702.0,-1692.6,both_sl_hit,False,False,fixed,fixed,09:30,2025-10-07 09:52:00+05:30,2025-10-07 09:37:00+05:30,1,2025-10-07 09:52:00+05:30,both_sl_hit,2025-10
2025-10-07,2025-10-07,0,25171.95,62.15,24.15,86.3,17.95,31.4,False,True,2873.0,-470.93,2402.07,winner_booking_ce_29pct,False,False,fixed,fixed,09:30,2025-10-07 12:54:00+05:30,2025-10-07 10:38:00+05:30,2,2025-10-07 12:54:00+05:30,winner_booking,2025-10
2025-10-07,2025-10-07,0,25193.05,23.15,22.85,46.0,30.1,29.7,True,True,-451.42,-445.58,-897.0,both_sl_hit,False,False,fixed,fixed,09:30,2025-10-07 13:40:00+05:30,2025-10-07 14:41:00+05:30,3,2025-10-07 14:41:00+05:30,both_sl_hit,2025-10
2025-10-08,2025-10-14,4,25171.05,140.95,81.25,222.2,103.85,105.62,False,True,2411.5,-1584.38,827.12,hard_exit,False,False,fixed,fixed,09:45,2025-10-08 15:15:00+05:30,2025-10-08 11:18:00+05:30,1,2025-10-08 15:15:00+05:30,hard_exit,2025-10
2025-10-09,2025-10-14,3,25090.95,107.6,90.8,198.4,139.88,81.05,True,False,-2098.2,633.75,-1464.45,hard_exit,False,False,fixed,fixed,09:40,2025-10-09 12:07:00+05:30,2025-10-09 15:15:00+05:30,1,2025-10-09 15:15:00+05:30,hard_exit,2025-10
2025-10-10,2025-10-14,2,25248.85,103.9,67.4,171.3,135.07,52.85,True,False,-2026.05,945.75,-1080.3,hard_exit,False,False,fixed,fixed,09:35,2025-10-10 10:36:00+05:30,2025-10-10 15:15:00+05:30,1,2025-10-10 15:15:00+05:30,hard_exit,2025-10
2025-10-13,2025-10-14,1,25178.95,76.95,82.8,159.75,100.04,56.25,True,False,-1500.53,1725.75,225.22,hard_exit,False,False,fixed,fixed,09:30,2025-10-13 09:31:00+05:30,2025-10-13 15:15:00+05:30,1,2025-10-13 15:15:00+05:30,hard_exit,2025-10
2025-10-14,2025-10-14,0,25288.3,48.1,45.05,93.15,62.53,58.56,True,True,-937.95,-878.48,-1816.42,both_sl_hit,False,False,fixed,fixed,09:30,2025-10-14 09:38:00+05:30,2025-10-14 09:48:00+05:30,1,2025-10-14 09:48:00+05:30,both_sl_hit,2025-10
2025-10-14,2025-10-14,0,25216.7,66.1,41.9,108.0,19.8,54.47,False,True,3009.5,-817.05,2192.45,winner_booking_ce_30pct,False,False,fixed,fixed,09:30,2025-10-14 13:48:00+05:30,2025-10-14 10:46:00+05:30,2,2025-10-14 13:48:00+05:30,winner_booking,2025-10
2025-10-14,2025-10-14,0,25170.2,35.0,9.35,44.35,45.5,12.16,True,True,-682.5,-182.32,-864.82,both_sl_hit,False,False,fixed,fixed,09:30,2025-10-14 14:38:00+05:30,2025-10-14 14:35:00+05:30,3,2025-10-14 14:38:00+05:30,both_sl_hit,2025-10
2025-10-15,2025-10-20,3,25221.6,164.35,78.4,242.75,129.25,83.0,False,False,2281.5,-299.0,1982.5,hard_exit,False,False,fixed,fixed,09:40,2025-10-15 15:15:00+05:30,2025-10-15 15:15:00+05:30,1,2025-10-15 15:15:00+05:30,hard_exit,2025-10
2025-10-16,2025-10-20,2,25435.5,113.0,78.6,191.6,125.5,67.05,False,False,-812.5,750.75,-61.75,hard_exit,False,False,fixed,fixed,09:35,2025-10-16 15:15:00+05:30,2025-10-16 15:15:00+05:30,1,2025-10-16 15:15:00+05:30,hard_exit,2025-10
2025-10-17,2025-10-20,1,25604.0,103.45,79.2,182.65,134.49,102.96,True,True,-2017.28,-1544.4,-3561.68,both_sl_hit,False,False,fixed,fixed,09:30,2025-10-17 11:34:00+05:30,2025-10-17 13:05:00+05:30,1,2025-10-17 13:05:00+05:30,both_sl_hit,2025-10
2025-10-20,2025-10-20,0,25868.9,76.7,45.1,121.8,20.45,58.63,False,True,3656.25,-879.45,2776.8,winner_booking_ce_27pct,False,False,fixed,fixed,09:30,2025-10-20 13:35:00+05:30,2025-10-20 09:32:00+05:30,1,2025-10-20 13:35:00+05:30,winner_booking,2025-10
2025-10-20,2025-10-20,0,25838.2,14.75,25.95,40.7,19.18,33.74,True,True,-287.63,-506.02,-793.65,both_sl_hit,False,False,fixed,fixed,09:30,2025-10-20 14:27:00+05:30,2025-10-20 14:21:00+05:30,2,2025-10-20 14:27:00+05:30,both_sl_hit,2025-10
2025-10-20,2025-10-20,0,25859.05,2.9,4.0,6.9,0.7,5.2,False,True,143.0,-78.0,65.0,winner_booking_ce_24pct,False,False,fixed,fixed,09:30,2025-10-20 15:13:00+05:30,2025-10-20 15:13:00+05:30,3,2025-10-20 15:13:00+05:30,winner_booking,2025-10
2025-10-23,2025-10-28,3,26071.55,183.7,87.85,271.55,185.8,71.7,False,False,-136.5,1049.75,913.25,hard_exit,False,False,fixed,fixed,09:40,2025-10-23 15:15:00+05:30,2025-10-23 15:15:00+05:30,1,2025-10-23 15:15:00+05:30,hard_exit,2025-10
2025-10-24,2025-10-28,2,25870.2,163.5,72.4,235.9,101.85,94.12,False,True,4007.25,-1411.8,2595.45,hard_exit,False,False,fixed,fixed,09:35,2025-10-24 15:15:00+05:30,2025-10-24 09:51:00+05:30,1,2025-10-24 15:15:00+05:30,hard_exit,2025-10
2025-10-27,2025-10-28,1,25889.15,109.45,56.0,165.45,142.28,72.8,True,True,-2134.27,-1092.0,-3226.27,both_sl_hit,False,False,fixed,fixed,09:30,2025-10-27 10:03:00+05:30,2025-10-27 11:28:00+05:30,1,2025-10-27 11:28:00+05:30,both_sl_hit,2025-10
2025-10-28,2025-10-28,0,25988.9,69.75,60.5,130.25,90.68,16.25,True,False,-1360.12,2876.25,1516.13,winner_booking_pe_27pct,False,False,fixed,fixed,09:30,2025-10-28 09:33:00+05:30,2025-10-28 14:01:00+05:30,1,2025-10-28 14:01:00+05:30,winner_booking,2025-10
2025-10-28,2025-10-28,0,25848.6,19.9,18.5,38.4,25.87,24.05,True,True,-388.05,-360.75,-748.8,both_sl_hit,False,False,fixed,fixed,09:30,2025-10-28 14:49:00+05:30,2025-10-28 14:47:00+05:30,2,2025-10-28 14:49:00+05:30,both_sl_hit,2025-10
2025-10-29,2025-11-04,4,25987.25,182.3,126.35,308.65,193.15,108.6,False,False,-705.25,1153.75,448.5,hard_exit,False,False,fixed,fixed,09:45,2025-10-29 15:15:00+05:30,2025-10-29 15:15:00+05:30,1,2025-10-29 15:15:00+05:30,hard_exit,2025-10
2025-10-30,2025-11-04,3,25935.6,144.0,130.05,274.05,144.25,101.75,False,False,-16.25,1839.5,1823.25,hard_exit,False,False,fixed,fixed,09:40,2025-10-30 15:15:00+05:30,2025-10-30 15:15:00+05:30,1,2025-10-30 15:15:00+05:30,hard_exit,2025-10
2025-10-31,2025-11-04,2,25948.55,139.05,90.2,229.25,166.2,51.3,False,False,-1764.75,2528.5,763.75,hard_exit,False,False,fixed,fixed,09:35,2025-10-31 15:15:00+05:30,2025-10-31 15:15:00+05:30,1,2025-10-31 15:15:00+05:30,hard_exit,2025-10
2025-12-01,2025-12-02,1,26294.4,84.2,69.75,153.95,84.75,45.65,False,False,-35.75,1566.5,1530.75,hard_exit,False,False,fixed,fixed,09:30,2025-12-01 15:15:00+05:30,2025-12-01 15:15:00+05:30,1,2025-12-01 15:15:00+05:30,hard_exit,2025-12
2025-12-02,2025-12-02,0,26122.1,66.25,38.95,105.2,19.0,50.64,False,True,3071.25,-759.53,2311.72,winner_booking_ce_29pct,False,False,fixed,fixed,09:30,2025-12-02 14:21:00+05:30,2025-12-02 09:32:00+05:30,1,2025-12-02 14:21:00+05:30,winner_booking,2025-12
2025-12-02,2025-12-02,0,26020.65,20.0,0.75,20.75,0.25,0.3,False,False,1283.75,29.25,1313.0,winner_booking_ce_1pct,False,False,fixed,fixed,09:30,2025-12-02 15:08:00+05:30,2025-12-02 15:07:00+05:30,2,2025-12-02 15:08:00+05:30,winner_booking,2025-12
2025-12-03,2025-12-09,4,25941.4,153.5,121.0,274.5,134.35,111.75,False,False,1244.75,601.25,1846.0,hard_exit,False,False,fixed,fixed,09:45,2025-12-03 15:15:00+05:30,2025-12-03 15:15:00+05:30,1,2025-12-03 15:15:00+05:30,hard_exit,2025-12
2025-12-04,2025-12-09,3,26003.5,129.6,100.35,229.95,114.15,93.6,False,False,1004.25,438.75,1443.0,hard_exit,False,False,fixed,fixed,09:40,2025-12-04 15:15:00+05:30,2025-12-04 15:15:00+05:30,1,2025-12-04 15:15:00+05:30,hard_exit,2025-12
2025-12-05,2025-12-09,2,26044.6,112.55,89.9,202.45,80.25,76.15,False,False,2099.5,893.75,2993.25,hard_exit,False,False,fixed,fixed,09:35,2025-12-05 15:15:00+05:30,2025-12-05 15:15:00+05:30,1,2025-12-05 15:15:00+05:30,hard_exit,2025-12
2025-12-08,2025-12-09,1,26139.7,78.15,66.05,144.2,101.6,64.05,True,False,-1523.93,130.0,-1393.93,hard_exit,False,False,fixed,fixed,09:30,2025-12-08 09:45:00+05:30,2025-12-08 15:15:00+05:30,1,2025-12-08 15:15:00+05:30,hard_exit,2025-12
2025-12-09,2025-12-09,0,25776.35,49.25,64.2,113.45,64.03,18.2,True,False,-960.38,2990.0,2029.62,winner_booking_pe_28pct,False,False,fixed,fixed,09:30,2025-12-09 09:31:00+05:30,2025-12-09 14:05:00+05:30,1,2025-12-09 14:05:00+05:30,winner_booking,2025-12
2025-12-09,2025-12-09,0,25823.4,24.05,7.4,31.45,3.1,9.62,False,True,1361.75,-144.3,1217.45,winner_booking_ce_13pct,False,False,fixed,fixed,09:30,2025-12-09 14:58:00+05:30,2025-12-09 14:52:00+05:30,2,2025-12-09 14:58:00+05:30,winner_booking,2025-12
2025-12-10,2025-12-16,4,25915.8,153.65,103.75,257.4,154.75,105.85,False,False,-71.5,-136.5,-208.0,hard_exit,False,False,fixed,fixed,09:45,2025-12-10 15:15:00+05:30,2025-12-10 15:15:00+05:30,1,2025-12-10 15:15:00+05:30,hard_exit,2025-12
2025-12-11,2025-12-16,3,25703.5,141.3,106.7,248.0,114.5,89.25,False,False,1742.0,1134.25,2876.25,hard_exit,False,False,fixed,fixed,09:40,2025-12-11 15:15:00+05:30,2025-12-11 15:15:00+05:30,1,2025-12-11 15:15:00+05:30,hard_exit,2025-12
2025-12-12,2025-12-16,2,26024.15,124.55,70.35,194.9,77.4,91.46,False,True,3064.75,-1371.83,1692.92,hard_exit,False,False,fixed,fixed,09:35,2025-12-12 15:15:00+05:30,2025-12-12 09:39:00+05:30,1,2025-12-12 15:15:00+05:30,hard_exit,2025-12
2025-12-15,2025-12-16,1,25915.0,93.75,64.8,158.55,47.5,84.24,False,True,3006.25,-1263.6,1742.65,hard_exit,False,False,fixed,fixed,09:30,2025-12-15 15:15:00+05:30,2025-12-15 09:33:00+05:30,1,2025-12-15 15:15:00+05:30,hard_exit,2025-12
2025-12-16,2025-12-16,0,25916.3,59.0,39.55,98.55,14.35,51.42,False,True,2902.25,-771.23,2131.02,winner_booking_ce_24pct,False,False,fixed,fixed,09:30,2025-12-16 14:07:00+05:30,2025-12-16 09:41:00+05:30,1,2025-12-16 14:07:00+05:30,winner_booking,2025-12
2025-12-16,2025-12-16,0,25888.4,6.45,19.1,25.55,0.7,24.83,False,True,373.75,-372.45,1.3,winner_booking_ce_11pct,False,False,fixed,fixed,09:30,2025-12-16 15:01:00+05:30,2025-12-16 14:53:00+05:30,2,2025-12-16 15:01:00+05:30,winner_booking,2025-12
2025-12-17,2025-12-23,4,25881.55,130.35,116.25,246.6,143.15,92.55,False,False,-832.0,1540.5,708.5,hard_exit,False,False,fixed,fixed,09:45,2025-12-17 15:15:00+05:30,2025-12-17 15:15:00+05:30,1,2025-12-17 15:15:00+05:30,hard_exit,2025-12
2025-12-18,2025-12-23,3,25773.6,138.05,81.45,219.5,121.15,105.88,False,True,1098.5,-1588.28,-489.77,hard_exit,False,False,fixed,fixed,09:40,2025-12-18 15:15:00+05:30,2025-12-18 10:09:00+05:30,1,2025-12-18 15:15:00+05:30,hard_exit,2025-12
2025-12-19,2025-12-23,2,25959.8,107.6,80.5,188.1,88.65,65.65,False,False,1231.75,965.25,2197.0,hard_exit,False,False,fixed,fixed,09:35,2025-12-19 15:15:00+05:30,2025-12-19 15:15:00+05:30,1,2025-12-19 15:15:00+05:30,hard_exit,2025-12
2025-12-22,2025-12-23,1,26126.45,55.9,77.15,133.05,72.67,52.7,True,False,-1090.05,1589.25,499.2,hard_exit,False,False,fixed,fixed,09:30,2025-12-22 09:38:00+05:30,2025-12-22 15:15:00+05:30,1,2025-12-22 15:15:00+05:30,hard_exit,2025-12
2025-12-23,2025-12-23,0,26138.85,36.4,48.05,84.45,47.32,13.0,True,False,-709.8,2278.25,1568.45,winner_booking_pe_27pct,False,False,fixed,fixed,09:30,2025-12-23 09:43:00+05:30,2025-12-23 12:31:00+05:30,1,2025-12-23 12:31:00+05:30,winner_booking,2025-12
2025-12-23,2025-12-23,0,26190.65,15.85,25.7,41.55,20.6,33.41,True,True,-309.08,-501.15,-810.23,both_sl_hit,False,False,fixed,fixed,09:30,2025-12-23 14:14:00+05:30,2025-12-23 14:18:00+05:30,2,2025-12-23 14:18:00+05:30,both_sl_hit,2025-12
2025-12-23,2025-12-23,0,26168.55,26.2,0.6,26.8,0.4,0.78,False,True,1677.0,-11.7,1665.3,winner_booking_ce_2pct,False,False,fixed,fixed,09:30,2025-12-23 15:04:00+05:30,2025-12-23 15:04:00+05:30,3,2025-12-23 15:04:00+05:30,winner_booking,2025-12
2025-12-24,2025-12-30,3,26215.3,124.6,80.25,204.85,99.45,76.5,False,False,1634.75,243.75,1878.5,hard_exit,False,False,fixed,fixed,09:40,2025-12-24 15:15:00+05:30,2025-12-24 15:15:00+05:30,1,2025-12-24 15:15:00+05:30,hard_exit,2025-12
2025-12-26,2025-12-30,2,26103.7,79.8,67.4,147.2,69.6,62.55,False,False,663.0,315.25,978.25,hard_exit,False,False,fixed,fixed,09:35,2025-12-26 15:15:00+05:30,2025-12-26 15:15:00+05:30,1,2025-12-26 15:15:00+05:30,hard_exit,2025-12
2025-12-29,2025-12-30,1,26060.55,67.0,42.7,109.7,50.75,55.51,False,True,1056.25,-832.65,223.6,hard_exit,False,False,fixed,fixed,09:30,2025-12-29 15:15:00+05:30,2025-12-29 09:36:00+05:30,1,2025-12-29 15:15:00+05:30,hard_exit,2025-12
2025-12-30,2025-12-30,0,25885.05,30.45,44.8,75.25,39.58,58.24,True,True,-593.78,-873.6,-1467.38,both_sl_hit,False,False,fixed,fixed,09:30,2025-12-30 09:34:00+05:30,2025-12-30 09:51:00+05:30,1,2025-12-30 09:51:00+05:30,both_sl_hit,2025-12
2025-12-30,2025-12-30,0,25958.95,40.1,29.3,69.4,12.0,38.09,False,True,1826.5,-571.35,1255.15,winner_booking_ce_30pct,False,False,fixed,fixed,09:30,2025-12-30 14:23:00+05:30,2025-12-30 10:46:00+05:30,2,2025-12-30 14:23:00+05:30,winner_booking,2025-12
2025-12-30,2025-12-30,0,25938.1,0.3,12.0,12.3,0.1,15.6,False,True,13.0,-234.0,-221.0,hard_exit,False,False,fixed,fixed,09:30,2025-12-30 15:15:00+05:30,2025-12-30 15:10:00+05:30,3,2025-12-30 15:15:00+05:30,hard_exit,2025-12
2025-12-31,2026-01-06,4,25977.25,121.2,93.2,214.4,119.4,84.25,False,False,117.0,581.75,698.75,hard_exit,False,False,fixed,fixed,09:45,2025-12-31 15:15:00+05:30,2025-12-31 15:15:00+05:30,1,2025-12-31 15:15:00+05:30,hard_exit,2025-12
2026-01-01,2026-01-06,3,26174.55,110.95,70.0,180.95,91.2,91.0,False,True,1283.75,-1365.0,-81.25,hard_exit,False,False,fixed,fixed,09:40,2026-01-01 15:15:00+05:30,2026-01-01 09:41:00+05:30,1,2026-01-01 15:15:00+05:30,hard_exit,2026-01
2026-01-02,2026-01-06,2,26199.05,90.3,60.25,150.55,77.95,78.32,False,True,802.75,-1174.88,-372.13,hard_exit,False,False,fixed,fixed,09:35,2026-01-02 15:15:00+05:30,2026-01-02 09:41:00+05:30,1,2026-01-02 15:15:00+05:30,hard_exit,2026-01
2026-01-05,2026-01-06,1,26295.7,59.8,61.9,121.7,77.74,80.47,True,True,-1166.1,-1207.05,-2373.15,both_sl_hit,False,False,fixed,fixed,09:30,2026-01-05 09:34:00+05:30,2026-01-05 14:06:00+05:30,1,2026-01-05 14:06:00+05:30,both_sl_hit,2026-01
2026-01-06,2026-01-06,0,26178.5,34.1,52.3,86.4,44.33,15.5,True,False,-664.95,2392.0,1727.05,winner_booking_pe_30pct,False,False,fixed,fixed,09:30,2026-01-06 09:33:00+05:30,2026-01-06 11:58:00+05:30,1,2026-01-06 11:58:00+05:30,winner_booking,2026-01
2026-01-06,2026-01-06,0,26162.55,34.25,17.2,51.45,44.52,22.36,True,True,-667.87,-335.4,-1003.27,both_sl_hit,False,False,fixed,fixed,09:30,2026-01-06 13:03:00+05:30,2026-01-06 12:57:00+05:30,2,2026-01-06 13:03:00+05:30,both_sl_hit,2026-01
2026-01-06,2026-01-06,0,26169.25,30.25,9.55,39.8,8.65,12.42,False,True,1404.0,-186.23,1217.78,winner_booking_ce_29pct,False,False,fixed,fixed,09:30,2026-01-06 14:10:00+05:30,2026-01-06 13:53:00+05:30,3,2026-01-06 14:10:00+05:30,winner_booking,2026-01
2026-01-07,2026-01-13,4,26113.1,129.25,85.75,215.0,103.0,87.75,False,False,1706.25,-130.0,1576.25,hard_exit,False,False,fixed,fixed,09:45,2026-01-07 15:15:00+05:30,2026-01-07 15:15:00+05:30,1,2026-01-07 15:15:00+05:30,hard_exit,2026-01
2026-01-08,2026-01-13,3,26090.7,92.5,88.8,181.3,120.25,65.9,True,False,-1803.75,1488.5,-315.25,hard_exit,False,False,fixed,fixed,09:40,2026-01-08 10:52:00+05:30,2026-01-08 15:15:00+05:30,1,2026-01-08 15:15:00+05:30,hard_exit,2026-01
2026-01-09,2026-01-13,2,25832.35,110.4,81.65,192.05,104.45,82.3,False,False,386.75,-42.25,344.5,hard_exit,False,False,fixed,fixed,09:35,2026-01-09 15:15:00+05:30,2026-01-09 15:15:00+05:30,1,2026-01-09 15:15:00+05:30,hard_exit,2026-01
2026-01-12,2026-01-13,1,25559.65,108.95,64.9,173.85,72.7,84.37,False,True,2356.25,-1265.55,1090.7,hard_exit,False,False,fixed,fixed,09:30,2026-01-12 15:15:00+05:30,2026-01-12 09:35:00+05:30,1,2026-01-12 15:15:00+05:30,hard_exit,2026-01
2026-01-13,2026-01-13,0,25766.85,74.1,60.9,135.0,21.2,79.17,False,True,3438.5,-1187.55,2250.95,winner_booking_ce_29pct,False,False,fixed,fixed,09:30,2026-01-13 13:36:00+05:30,2026-01-13 09:36:00+05:30,1,2026-01-13 13:36:00+05:30,winner_booking,2026-01
2026-01-13,2026-01-13,0,25625.2,10.95,36.1,47.05,14.24,9.85,True,False,-213.52,1706.25,1492.72,winner_booking_pe_27pct,False,False,fixed,fixed,09:30,2026-01-13 14:22:00+05:30,2026-01-13 14:30:00+05:30,2,2026-01-13 14:30:00+05:30,winner_booking,2026-01
2026-01-13,2026-01-13,0,25745.9,0.6,8.6,9.2,0.6,8.6,False,False,0.0,0.0,0.0,hard_exit,False,False,fixed,fixed,09:30,2026-01-13 15:15:00+05:30,2026-01-13 15:15:00+05:30,3,2026-01-13 15:15:00+05:30,hard_exit,2026-01
2026-01-14,2026-01-20,4,25691.85,137.4,129.25,266.65,140.9,113.45,False,False,-227.5,1027.0,799.5,hard_exit,False,False,fixed,fixed,09:45,2026-01-14 15:15:00+05:30,2026-01-14 15:15:00+05:30,1,2026-01-14 15:15:00+05:30,hard_exit,2026-01
2026-01-16,2026-01-20,2,25703.1,130.15,92.45,222.6,112.75,94.2,False,False,1131.0,-113.75,1017.25,hard_exit,False,False,fixed,fixed,09:35,2026-01-16 15:15:00+05:30,2026-01-16 15:15:00+05:30,1,2026-01-16 15:15:00+05:30,hard_exit,2026-01
2026-01-19,2026-01-20,1,25544.4,83.5,86.1,169.6,56.8,73.45,False,False,1735.5,822.25,2557.75,hard_exit,False,False,fixed,fixed,09:30,2026-01-19 15:15:00+05:30,2026-01-19 15:15:00+05:30,1,2026-01-19 15:15:00+05:30,hard_exit,2026-01
2026-01-20,2026-01-20,0,25490.35,55.8,60.75,116.55,72.54,17.35,True,False,-1088.1,2821.0,1732.9,winner_booking_pe_29pct,False,False,fixed,fixed,09:30,2026-01-20 09:36:00+05:30,2026-01-20 13:21:00+05:30,1,2026-01-20 13:21:00+05:30,winner_booking,2026-01
2026-01-20,2026-01-20,0,25355.3,37.0,19.95,56.95,48.1,25.94,True,True,-721.5,-389.02,-1110.53,both_sl_hit,False,False,fixed,fixed,09:30,2026-01-20 14:35:00+05:30,2026-01-20 14:25:00+05:30,2,2026-01-20 14:35:00+05:30,both_sl_hit,2026-01
2026-01-21,2026-01-27,3,25195.85,183.6,124.6,308.2,153.53,161.98,True,True,1954.55,-2429.7,-475.15,both_sl_hit,False,False,breakeven,fixed,09:40,2026-01-21 11:02:00+05:30,2026-01-21 10:57:00+05:30,1,2026-01-21 11:02:00+05:30,both_sl_hit,2026-01
2026-01-21,2026-01-27,3,25063.15,203.55,137.7,341.25,162.35,179.01,False,True,2678.0,-2685.15,-7.15,hard_exit,False,False,fixed,fixed,09:40,2026-01-21 15:15:00+05:30,2026-01-21 14:17:00+05:30,2,2026-01-21 15:15:00+05:30,hard_exit,2026-01
2026-01-22,2026-01-27,2,25415.7,162.6,122.85,285.45,153.7,92.15,False,False,578.5,1995.5,2574.0,hard_exit,False,False,fixed,fixed,09:35,2026-01-22 15:15:00+05:30,2026-01-22 15:15:00+05:30,1,2026-01-22 15:15:00+05:30,hard_exit,2026-01
2026-01-23,2026-01-27,1,25330.3,118.9,116.8,235.7,154.57,84.8,True,False,-2318.55,2080.0,-238.55,hard_exit,False,False,fixed,fixed,09:30,2026-01-23 09:45:00+05:30,2026-01-23 15:15:00+05:30,1,2026-01-23 15:15:00+05:30,hard_exit,2026-01
2026-01-27,2026-01-27,0,24943.9,101.0,88.55,189.55,29.3,115.12,False,True,4660.5,-1726.72,2933.78,winner_booking_ce_29pct,False,False,fixed,fixed,09:30,2026-01-27 14:33:00+05:30,2026-01-27 09:38:00+05:30,1,2026-01-27 14:33:00+05:30,winner_booking,2026-01
2026-01-28,2026-02-03,4,25285.1,248.45,221.5,469.95,220.0,203.9,False,False,1849.25,1144.0,2993.25,hard_exit,False,False,fixed,fixed,09:45,2026-01-28 15:15:00+05:30,2026-01-28 15:15:00+05:30,1,2026-01-28 15:15:00+05:30,hard_exit,2026-01
2026-01-29,2026-02-03,3,25239.5,207.1,190.8,397.9,220.1,158.75,False,False,-845.0,2083.25,1238.25,hard_exit,False,False,fixed,fixed,09:40,2026-01-29 15:15:00+05:30,2026-01-29 15:15:00+05:30,1,2026-01-29 15:15:00+05:30,hard_exit,2026-01
2026-01-30,2026-02-03,2,25281.25,198.4,197.45,395.85,202.05,183.2,False,False,-237.25,926.25,689.0,hard_exit,False,False,fixed,fixed,09:35,2026-01-30 15:15:00+05:30,2026-01-30 15:15:00+05:30,1,2026-01-30 15:15:00+05:30,hard_exit,2026-01
2026-02-02,2026-02-03,1,24879.8,152.15,179.1,331.25,81.05,105.65,False,False,4621.5,4774.25,9395.75,hard_exit,False,False,fixed,fixed,09:30,2026-02-02 15:15:00+05:30,2026-02-02 15:15:00+05:30,1,2026-02-02 15:15:00+05:30,hard_exit,2026-02
2026-02-03,2026-02-03,0,25773.7,149.6,125.9,275.5,54.85,64.25,False,False,6158.75,4007.25,10166.0,profit_target,False,False,fixed,fixed,09:30,2026-02-03 12:52:00+05:30,2026-02-03 12:52:00+05:30,1,2026-02-03 12:52:00+05:30,profit_target,2026-02
2026-02-04,2026-02-10,4,25790.95,182.8,174.1,356.9,163.65,157.0,False,False,1244.75,1111.5,2356.25,hard_exit,False,False,fixed,fixed,09:45,2026-02-04 15:15:00+05:30,2026-02-04 15:15:00+05:30,1,2026-02-04 15:15:00+05:30,hard_exit,2026-02
2026-02-05,2026-02-10,3,25667.8,167.15,126.75,293.9,134.0,132.0,False,False,2154.75,-341.25,1813.5,hard_exit,False,False,fixed,fixed,09:40,2026-02-05 15:15:00+05:30,2026-02-05 15:15:00+05:30,1,2026-02-05 15:15:00+05:30,hard_exit,2026-02
2026-02-06,2026-02-10,2,25556.2,131.85,105.1,236.95,88.0,116.35,False,False,2850.25,-731.25,2119.0,hard_exit,False,False,fixed,fixed,09:35,2026-02-06 15:15:00+05:30,2026-02-06 15:15:00+05:30,1,2026-02-06 15:15:00+05:30,hard_exit,2026-02
2026-02-09,2026-02-10,1,25831.05,78.85,89.2,168.05,102.5,65.5,True,False,-1537.58,1540.5,2.93,hard_exit,False,False,fixed,fixed,09:30,2026-02-09 09:31:00+05:30,2026-02-09 15:15:00+05:30,1,2026-02-09 15:15:00+05:30,hard_exit,2026-02
2026-02-10,2026-02-10,0,25917.5,56.05,39.0,95.05,15.15,50.7,False,True,2658.5,-760.5,1898.0,winner_booking_ce_27pct,False,False,fixed,fixed,09:30,2026-02-10 13:06:00+05:30,2026-02-10 09:33:00+05:30,1,2026-02-10 13:06:00+05:30,winner_booking,2026-02
2026-02-10,2026-02-10,0,25932.2,15.15,35.3,50.45,19.7,10.1,True,False,-295.42,1638.0,1342.57,winner_booking_pe_29pct,False,False,fixed,fixed,09:30,2026-02-10 13:56:00+05:30,2026-02-10 14:23:00+05:30,2,2026-02-10 14:23:00+05:30,winner_booking,2026-02
2026-02-10,2026-02-10,0,25962.3,7.35,1.6,8.95,1.9,2.08,False,True,354.25,-31.2,323.05,winner_booking_ce_26pct,False,False,fixed,fixed,09:30,2026-02-10 15:12:00+05:30,2026-02-10 15:09:00+05:30,3,2026-02-10 15:12:00+05:30,winner_booking,2026-02
2026-02-11,2026-02-16,3,25924.0,170.5,99.25,269.75,134.25,109.65,False,False,2356.25,-676.0,1680.25,hard_exit,False,False,fixed,fixed,09:40,2026-02-11 15:15:00+05:30,2026-02-11 15:15:00+05:30,1,2026-02-11 15:15:00+05:30,hard_exit,2026-02
2026-02-12,2026-02-16,2,25837.55,127.45,108.15,235.6,129.7,91.95,False,False,-146.25,1053.0,906.75,hard_exit,False,False,fixed,fixed,09:35,2026-02-12 15:15:00+05:30,2026-02-12 15:15:00+05:30,1,2026-02-12 15:15:00+05:30,hard_exit,2026-02
2026-02-13,2026-02-16,1,25566.1,130.3,84.85,215.15,116.65,110.3,False,True,887.25,-1654.57,-767.32,hard_exit,False,False,fixed,fixed,09:30,2026-02-13 15:15:00+05:30,2026-02-13 15:06:00+05:30,1,2026-02-13 15:15:00+05:30,hard_exit,2026-02
2026-02-16,2026-02-16,0,25496.25,83.45,87.15,170.6,108.49,84.05,True,False,-1627.28,201.5,-1425.78,hard_exit,False,False,fixed,fixed,09:30,2026-02-16 09:43:00+05:30,2026-02-16 15:15:00+05:30,1,2026-02-16 15:15:00+05:30,hard_exit,2026-02
2026-02-18,2026-02-24,4,25734.6,134.5,131.15,265.65,148.0,115.35,False,False,-877.5,1027.0,149.5,hard_exit,False,False,fixed,fixed,09:45,2026-02-18 15:15:00+05:30,2026-02-18 15:15:00+05:30,1,2026-02-18 15:15:00+05:30,hard_exit,2026-02
2026-02-19,2026-02-24,3,25784.6,117.55,122.1,239.65,152.82,158.73,True,True,-2292.22,-2380.95,-4673.17,both_sl_hit,False,False,fixed,fixed,09:40,2026-02-19 11:13:00+05:30,2026-02-19 12:44:00+05:30,1,2026-02-19 12:44:00+05:30,both_sl_hit,2026-02
2026-02-20,2026-02-24,2,25468.9,142.95,112.4,255.35,145.4,113.15,False,False,-159.25,-48.75,-208.0,hard_exit,False,False,fixed,fixed,09:35,2026-02-20 15:15:00+05:30,2026-02-20 15:15:00+05:30,1,2026-02-20 15:15:00+05:30,hard_exit,2026-02
2026-02-23,2026-02-24,1,25768.8,114.65,90.4,205.05,97.05,117.52,False,True,1144.0,-1762.8,-618.8,hard_exit,False,False,fixed,fixed,09:30,2026-02-23 15:15:00+05:30,2026-02-23 09:55:00+05:30,1,2026-02-23 15:15:00+05:30,hard_exit,2026-02
2026-02-24,2026-02-24,0,25534.45,55.9,67.15,123.05,72.67,87.3,True,True,-1090.05,-1309.43,-2399.48,both_sl_hit,False,False,fixed,fixed,09:30,2026-02-24 09:32:00+05:30,2026-02-24 09:47:00+05:30,1,2026-02-24 09:47:00+05:30,both_sl_hit,2026-02
2026-02-25,2026-03-03,4,25572.05,177.65,115.05,292.7,153.5,149.56,False,True,1569.75,-2243.48,-673.72,hard_exit,False,False,fixed,fixed,09:45,2026-02-25 15:15:00+05:30,2026-02-25 12:38:00+05:30,1,2026-02-25 15:15:00+05:30,hard_exit,2026-02
2026-02-26,2026-03-03,3,25556.3,146.45,111.95,258.4,126.1,145.54,False,True,1322.75,-2183.02,-860.28,hard_exit,False,False,fixed,fixed,09:40,2026-02-26 15:15:00+05:30,2026-02-26 14:08:00+05:30,1,2026-02-26 15:15:00+05:30,hard_exit,2026-02
2026-02-27,2026-03-03,2,25361.4,118.9,106.95,225.85,138.15,81.3,False,False,-1251.25,1667.25,416.0,hard_exit,False,False,fixed,fixed,09:35,2026-02-27 15:15:00+05:30,2026-02-27 15:15:00+05:30,1,2026-02-27 15:15:00+05:30,hard_exit,2026-02
2026-03-02,2026-03-03,1,24927.1,81.5,104.1,185.6,105.95,24.95,True,False,-1589.25,5144.75,3555.5,winner_booking_pe_24pct,False,False,fixed,fixed,09:30,2026-03-02 09:33:00+05:30,2026-03-02 14:49:00+05:30,1,2026-03-02 14:49:00+05:30,winner_booking,2026-03
2026-03-05,2026-03-10,3,24532.8,235.75,246.65,482.4,209.0,225.3,False,False,1738.75,1387.75,3126.5,hard_exit,False,False,fixed,fixed,09:40,2026-03-05 15:15:00+05:30,2026-03-05 15:15:00+05:30,1,2026-03-05 15:15:00+05:30,hard_exit,2026-03
2026-03-06,2026-03-10,2,24649.25,217.7,212.9,430.6,221.35,245.5,False,False,-237.25,-2119.0,-2356.25,hard_exit,False,False,fixed,fixed,09:35,2026-03-06 15:15:00+05:30,2026-03-06 15:15:00+05:30,1,2026-03-06 15:15:00+05:30,hard_exit,2026-03
2026-03-09,2026-03-10,1,23775.1,223.75,228.75,452.5,203.7,176.65,False,False,1303.25,3386.5,4689.75,hard_exit,False,False,fixed,fixed,09:30,2026-03-09 15:15:00+05:30,2026-03-09 15:15:00+05:30,1,2026-03-09 15:15:00+05:30,hard_exit,2026-03
2026-03-10,2026-03-10,0,24131.55,80.8,96.85,177.65,105.04,28.65,True,False,-1575.6,4433.0,2857.4,winner_booking_pe_30pct,False,False,fixed,fixed,09:30,2026-03-10 09:34:00+05:30,2026-03-10 13:48:00+05:30,1,2026-03-10 13:48:00+05:30,winner_booking,2026-03
2026-03-10,2026-03-10,0,24211.8,42.3,29.8,72.1,7.35,38.74,False,True,2271.75,-581.1,1690.65,winner_booking_ce_17pct,False,False,fixed,fixed,09:30,2026-03-10 15:00:00+05:30,2026-03-10 14:35:00+05:30,2,2026-03-10 15:00:00+05:30,winner_booking,2026-03
2026-03-11,2026-03-17,4,24199.15,266.55,242.4,508.95,314.2,288.6,False,False,-3097.25,-3003.0,-6100.25,loss_limit,False,False,fixed,fixed,09:45,2026-03-11 11:33:00+05:30,2026-03-11 11:33:00+05:30,1,2026-03-11 11:33:00+05:30,loss_limit,2026-03
2026-03-12,2026-03-17,3,23575.7,290.9,284.8,575.7,267.0,245.65,False,False,1553.5,2544.75,4098.25,hard_exit,False,False,fixed,fixed,09:40,2026-03-12 15:15:00+05:30,2026-03-12 15:15:00+05:30,1,2026-03-12 15:15:00+05:30,hard_exit,2026-03
2026-03-13,2026-03-17,2,23446.65,239.45,223.6,463.05,243.35,249.25,False,False,-253.5,-1667.25,-1920.75,hard_exit,False,False,fixed,fixed,09:35,2026-03-13 15:15:00+05:30,2026-03-13 15:15:00+05:30,1,2026-03-13 15:15:00+05:30,hard_exit,2026-03
2026-03-16,2026-03-17,1,23183.8,176.75,172.7,349.45,150.85,154.3,False,False,1683.5,1196.0,2879.5,hard_exit,False,False,fixed,fixed,09:30,2026-03-16 15:15:00+05:30,2026-03-16 15:15:00+05:30,1,2026-03-16 15:15:00+05:30,hard_exit,2026-03
2026-03-17,2026-03-17,0,23366.7,87.15,81.15,168.3,24.1,105.5,False,True,4098.25,-1582.42,2515.82,winner_booking_ce_28pct,False,False,fixed,fixed,09:30,2026-03-17 14:23:00+05:30,2026-03-17 09:32:00+05:30,1,2026-03-17 14:23:00+05:30,winner_booking,2026-03
2026-03-17,2026-03-17,0,23599.8,3.45,14.15,17.6,4.49,0.4,True,False,-67.28,893.75,826.48,winner_booking_pe_3pct,False,False,fixed,fixed,09:30,2026-03-17 15:09:00+05:30,2026-03-17 15:10:00+05:30,2,2026-03-17 15:10:00+05:30,winner_booking,2026-03
2026-03-18,2026-03-24,3,23708.0,226.8,216.9,443.7,198.45,229.45,False,False,1842.75,-815.75,1027.0,hard_exit,False,False,fixed,fixed,09:40,2026-03-18 15:15:00+05:30,2026-03-18 15:15:00+05:30,1,2026-03-18 15:15:00+05:30,hard_exit,2026-03
2026-03-19,2026-03-24,2,23299.1,224.0,246.25,470.25,261.95,267.1,False,False,-2466.75,-1355.25,-3822.0,hard_exit,False,False,fixed,fixed,09:35,2026-03-19 15:15:00+05:30,2026-03-19 15:15:00+05:30,1,2026-03-19 15:15:00+05:30,hard_exit,2026-03
