date,expiry,dte,spot_at_entry,ce_entry,pe_entry,combined_premium,ce_exit,pe_exit,ce_sl_hit,pe_sl_hit,ce_pnl,pe_pnl,total_pnl,exit_reason,ce_trailing_activated,pe_trailing_activated,ce_exit_sl_type,pe_exit_sl_type,entry_time,ce_exit_time,pe_exit_time
2025-03-21,2025-03-25,2,23226.85,127.15,134.8,261.95,158.94,118.35,True,False,-2066.19,1069.25,-996.94,spot_move_142pts,False,False,fixed,fixed,09:35,2025-03-21 09:46:00+05:30,2025-03-21 11:33:00+05:30
2025-03-24,2025-03-25,1,23472.55,142.25,118.65,260.9,170.7,142.38,True,True,-1849.25,-1542.45,-3391.7,both_sl_hit,False,False,fixed,fixed,09:30,2025-03-24 10:58:00+05:30,2025-03-24 09:32:00+05:30
2025-03-25,2025-03-25,0,23729.3,143.5,148.45,291.95,172.2,115.0,True,False,-1865.5,2174.25,308.75,recovery_lock_61pct,False,False,fixed,fixed,09:30,2025-03-25 10:14:00+05:30,2025-03-25 10:29:00+05:30
2025-03-26,2025-04-01,3,23647.95,109.05,85.7,194.75,125.41,70.4,True,False,-1063.24,994.5,-68.74,spot_move_94pts,False,False,fixed,fixed,09:40,2025-03-26 13:07:00+05:30,2025-03-26 13:10:00+05:30
2025-03-27,2025-04-01,2,23522.4,79.05,46.0,125.05,63.85,57.5,False,True,988.0,-747.5,240.5,recovery_lock_75pct,False,False,fixed,fixed,09:35,2025-03-27 09:45:00+05:30,2025-03-27 09:41:00+05:30
2025-03-28,2025-04-01,1,23552.05,172.75,139.3,312.05,117.9,116.9,False,False,3565.25,1456.0,5021.25,profit_target,False,False,fixed,fixed,09:30,2025-03-28 15:10:00+05:30,2025-03-28 15:10:00+05:30
2025-04-01,2025-04-01,0,23476.95,98.4,114.8,213.2,118.08,92.2,True,False,-1279.2,1469.0,189.8,recovery_lock_67pct,False,False,fixed,fixed,09:30,2025-04-01 09:34:00+05:30,2025-04-01 10:09:00+05:30
2025-04-02,2025-04-08,4,23196.65,101.15,92.1,193.25,52.1,98.55,False,True,3188.25,-419.06,2769.2,spot_move_134pts,False,False,fixed,fixed,09:45,2025-04-02 15:15:00+05:30,2025-04-02 15:15:00+05:30
2025-04-03,2025-04-08,3,23256.4,38.9,37.75,76.65,22.37,48.32,True,True,1074.45,-687.05,387.4,both_sl_hit,True,False,trailing,fixed,09:40,2025-04-03 10:03:00+05:30,2025-04-03 09:44:00+05:30
2025-04-04,2025-04-08,2,23114.75,156.6,147.75,304.35,109.95,131.6,False,False,3032.25,1049.75,4082.0,hard_exit,False,False,fixed,fixed,09:35,2025-04-04 15:15:00+05:30,2025-04-04 15:15:00+05:30
2025-04-07,2025-04-08,1,22087.95,310.0,248.85,558.85,338.65,286.18,False,True,-1862.25,-2426.29,-4288.54,loss_limit,False,False,fixed,fixed,09:30,2025-04-07 12:21:00+05:30,2025-04-07 12:04:00+05:30
2025-04-08,2025-04-08,0,22539.05,153.75,158.9,312.65,184.5,154.9,True,False,-1998.75,260.0,-1738.75,spot_move_165pts,False,False,fixed,fixed,09:30,2025-04-08 09:37:00+05:30,2025-04-08 10:17:00+05:30
2025-04-09,2025-04-15,2,22414.55,76.2,74.4,150.6,56.3,93.0,False,True,1293.5,-1209.0,84.5,recovery_lock_93pct,False,False,fixed,fixed,09:35,2025-04-09 10:12:00+05:30,2025-04-09 09:37:00+05:30
2025-04-11,2025-04-15,1,22777.95,241.6,223.1,464.7,289.92,240.8,True,False,-3140.8,-1150.5,-4291.3,loss_limit,False,False,fixed,fixed,09:30,2025-04-11 09:49:00+05:30,2025-04-11 14:03:00+05:30
2025-04-15,2025-04-15,0,23289.05,134.4,144.3,278.7,161.28,116.25,True,False,-1747.2,1823.25,76.05,recovery_lock_87pct,False,False,fixed,fixed,09:30,2025-04-15 09:34:00+05:30,2025-04-15 10:08:00+05:30
2025-04-16,2025-04-22,3,23340.2,57.45,85.35,142.8,73.54,109.25,True,True,-1045.59,-1553.37,-2598.96,both_sl_hit,False,False,fixed,fixed,09:40,2025-04-16 09:43:00+05:30,2025-04-16 10:34:00+05:30
2025-04-17,2025-04-22,2,23324.75,54.2,48.35,102.55,48.2,60.44,False,True,390.0,-785.69,-395.69,spot_move_62pts,False,False,fixed,fixed,09:35,2025-04-17 09:42:00+05:30,2025-04-17 09:36:00+05:30
2025-04-21,2025-04-22,1,23934.15,151.85,190.0,341.85,128.1,136.2,False,False,1543.75,3497.0,5040.75,profit_target,False,False,fixed,fixed,09:30,2025-04-21 12:14:00+05:30,2025-04-21 12:14:00+05:30
2025-04-22,2025-04-22,0,24141.1,96.1,118.1,214.2,115.32,97.35,True,False,-1249.3,1348.75,99.45,recovery_lock_91pct,False,False,fixed,fixed,09:30,2025-04-22 09:33:00+05:30,2025-04-22 13:19:00+05:30
2025-04-23,2025-04-29,4,24331.4,69.75,97.6,167.35,90.68,102.0,True,False,-1360.12,-286.0,-1646.12,spot_move_99pts,False,False,fixed,fixed,09:45,2025-04-23 09:50:00+05:30,2025-04-23 10:07:00+05:30
2025-04-24,2025-04-29,3,24267.15,49.05,33.45,82.5,39.25,42.82,False,True,637.0,-608.79,28.21,recovery_lock_95pct,False,False,fixed,fixed,09:40,2025-04-24 10:02:00+05:30,2025-04-24 09:41:00+05:30
2025-04-25,2025-04-29,2,24276.95,181.85,176.75,358.6,227.31,174.6,True,False,-2955.06,139.75,-2815.31,spot_move_253pts,False,False,fixed,fixed,09:35,2025-04-25 10:00:00+05:30,2025-04-25 10:00:00+05:30
2025-04-28,2025-04-29,1,24132.65,130.6,126.35,256.95,156.72,106.65,True,False,-1697.8,1280.5,-417.3,spot_move_129pts,False,False,fixed,fixed,09:30,2025-04-28 09:37:00+05:30,2025-04-28 10:08:00+05:30
2025-04-29,2025-04-29,0,24395.6,83.25,88.3,171.55,99.9,105.96,True,True,-1082.25,-1147.9,-2230.15,both_sl_hit,False,False,fixed,fixed,09:30,2025-04-29 09:31:00+05:30,2025-04-29 09:45:00+05:30
2025-04-30,2025-05-06,3,24354.75,30.65,35.2,65.85,27.6,45.06,False,True,198.25,-640.64,-442.39,spot_move_32pts,False,False,fixed,fixed,09:40,2025-04-30 09:52:00+05:30,2025-04-30 09:48:00+05:30
2025-05-02,2025-05-06,2,24520.9,228.6,155.5,384.1,188.4,194.38,False,True,2613.0,-2526.88,86.12,spot_move_234pts,False,False,fixed,fixed,09:35,2025-05-02 12:16:00+05:30,2025-05-02 11:26:00+05:30
2025-05-05,2025-05-06,1,24445.25,134.15,144.45,278.6,83.8,117.1,False,False,3272.75,1777.75,5050.5,profit_target,False,False,fixed,fixed,09:30,2025-05-05 13:40:00+05:30,2025-05-05 13:40:00+05:30
2025-05-06,2025-05-06,0,24436.55,79.0,93.15,172.15,94.8,72.5,True,False,-1027.0,1342.25,315.25,recovery_lock_54pct,False,False,fixed,fixed,09:30,2025-05-06 09:52:00+05:30,2025-05-06 09:53:00+05:30
2025-05-07,2025-05-13,4,24383.15,81.4,99.75,181.15,105.82,70.65,True,False,-1587.3,1891.5,304.2,recovery_lock_57pct,False,False,fixed,fixed,09:45,2025-05-07 09:46:00+05:30,2025-05-07 11:25:00+05:30
2025-05-08,2025-05-13,3,24388.4,17.9,43.8,61.7,11.35,18.8,False,False,425.75,1625.0,2050.75,combined_decay_51pct,False,True,fixed,fixed,09:40,2025-05-08 11:19:00+05:30,2025-05-08 11:19:00+05:30
2025-05-09,2025-05-13,2,24050.35,257.7,271.0,528.7,232.0,246.35,False,False,1670.5,1602.25,3272.75,hard_exit,False,False,fixed,fixed,09:35,2025-05-09 15:15:00+05:30,2025-05-09 15:15:00+05:30
2025-05-12,2025-05-13,1,24586.95,133.35,151.45,284.8,160.02,181.74,True,True,-1733.55,-1968.85,-3702.4,both_sl_hit,False,False,fixed,fixed,09:30,2025-05-12 09:34:00+05:30,2025-05-12 10:59:00+05:30
2025-05-13,2025-05-13,0,24747.3,182.4,196.6,379.0,218.88,224.35,True,False,-2371.2,-1803.75,-4174.95,loss_limit,False,False,fixed,fixed,09:30,2025-05-13 09:40:00+05:30,2025-05-13 10:35:00+05:30
2025-05-14,2025-05-20,4,24739.7,101.55,128.5,230.05,79.1,113.6,False,False,1459.25,968.5,2427.75,hard_exit,False,False,fixed,fixed,09:45,2025-05-14 15:15:00+05:30,2025-05-14 15:15:00+05:30
2025-05-15,2025-05-20,3,24566.25,63.25,62.7,125.95,80.96,80.26,True,True,-1151.15,-1141.14,-2292.29,both_sl_hit,False,False,fixed,fixed,09:40,2025-05-15 09:52:00+05:30,2025-05-15 09:44:00+05:30
2025-05-16,2025-05-20,2,25021.25,206.9,172.15,379.05,197.95,184.2,False,True,581.75,-783.28,-201.53,hard_exit,False,False,fixed,fixed,09:35,2025-05-16 15:15:00+05:30,2025-05-16 15:10:00+05:30
2025-05-19,2025-05-20,1,25031.8,162.15,179.0,341.15,178.36,156.7,True,False,-1053.98,1449.5,395.53,recovery_lock_64pct,False,False,fixed,fixed,09:30,2025-05-19 14:12:00+05:30,2025-05-19 15:02:00+05:30
2025-05-20,2025-05-20,0,24927.4,124.65,142.15,266.8,149.58,110.9,True,False,-1620.45,2031.25,410.8,recovery_lock_65pct,False,False,fixed,fixed,09:30,2025-05-20 09:53:00+05:30,2025-05-20 12:22:00+05:30
2025-05-21,2025-05-27,4,24818.2,141.05,113.45,254.5,123.3,130.47,False,True,1153.75,-1106.14,47.61,recovery_lock_94pct,False,False,fixed,fixed,09:45,2025-05-21 12:21:00+05:30,2025-05-21 12:13:00+05:30
2025-05-22,2025-05-27,3,24586.8,67.35,91.95,159.3,31.85,50.43,False,True,2307.5,2698.8,5006.3,profit_target,True,True,fixed,trailing,09:40,2025-05-22 10:26:00+05:30,2025-05-22 10:25:00+05:30
2025-05-23,2025-05-27,2,24755.35,215.0,177.5,392.5,207.21,204.12,True,True,506.35,-1730.62,-1224.27,both_sl_hit,False,False,breakeven,fixed,09:35,2025-05-23 12:05:00+05:30,2025-05-23 12:00:00+05:30
2025-05-26,2025-05-27,1,25044.8,223.25,185.0,408.25,248.65,222.0,False,True,-1651.0,-2405.0,-4056.0,loss_limit,False,False,fixed,fixed,09:30,2025-05-26 10:36:00+05:30,2025-05-26 10:28:00+05:30
2025-05-27,2025-05-27,0,24792.1,225.9,210.6,436.5,271.08,199.35,True,False,-2936.7,731.25,-2205.45,spot_move_213pts,False,False,fixed,fixed,09:30,2025-05-27 11:32:00+05:30,2025-05-27 11:32:00+05:30
2025-05-28,2025-06-03,4,24798.6,175.65,157.1,332.75,146.05,109.65,False,False,1924.0,3084.25,5008.25,profit_target,False,False,fixed,fixed,09:45,2025-05-28 12:07:00+05:30,2025-05-28 12:07:00+05:30
2025-05-29,2025-06-03,3,24802.9,55.85,39.9,95.75,71.49,51.07,True,True,-1016.47,-726.18,-1742.65,both_sl_hit,False,False,fixed,fixed,09:40,2025-05-29 10:02:00+05:30,2025-05-29 09:47:00+05:30
2025-05-30,2025-06-03,2,24814.1,233.9,184.2,418.1,227.95,202.62,False,True,386.75,-1197.3,-810.55,hard_exit,False,False,fixed,fixed,09:35,2025-05-30 15:15:00+05:30,2025-05-30 13:30:00+05:30
2025-06-02,2025-06-03,1,24569.55,200.85,190.3,391.15,241.02,216.85,True,False,-2611.05,-1725.75,-4336.8,loss_limit,False,False,fixed,fixed,09:30,2025-06-02 10:40:00+05:30,2025-06-02 10:42:00+05:30
2025-06-03,2025-06-03,0,24617.75,240.8,204.15,444.95,185.8,174.25,False,False,3575.0,1943.5,5518.5,profit_target,False,False,fixed,fixed,09:30,2025-06-03 13:23:00+05:30,2025-06-03 13:23:00+05:30
2025-06-04,2025-06-10,4,24550.85,93.75,94.2,187.95,88.95,73.55,False,False,312.0,1342.25,1654.25,hard_exit,False,False,fixed,fixed,09:45,2025-06-04 15:15:00+05:30,2025-06-04 15:15:00+05:30
2025-06-05,2025-06-10,3,24743.05,54.25,61.65,115.9,26.68,35.19,True,True,1792.05,1719.9,3511.95,both_sl_hit,True,True,trailing,trailing,09:40,2025-06-05 10:16:00+05:30,2025-06-05 10:31:00+05:30
2025-06-06,2025-06-10,2,24712.65,186.3,164.15,350.45,205.85,205.19,False,True,-1270.75,-2667.44,-3938.19,spot_move_199pts,False,False,fixed,fixed,09:35,2025-06-06 10:41:00+05:30,2025-06-06 10:06:00+05:30
2025-06-09,2025-06-10,1,25083.65,149.6,167.35,316.95,139.75,129.9,False,False,640.25,2434.25,3074.5,hard_exit,False,False,fixed,fixed,09:30,2025-06-09 15:15:00+05:30,2025-06-09 15:15:00+05:30
2025-06-10,2025-06-10,0,25072.0,129.2,109.85,239.05,105.6,131.82,False,True,1534.0,-1428.05,105.95,recovery_lock_81pct,False,False,fixed,fixed,09:30,2025-06-10 09:51:00+05:30,2025-06-10 09:31:00+05:30
2025-06-11,2025-06-17,4,25124.9,78.85,63.3,142.15,94.15,82.29,False,True,-994.5,-1234.35,-2228.85,spot_move_90pts,False,False,fixed,fixed,09:45,2025-06-11 11:54:00+05:30,2025-06-11 09:47:00+05:30
2025-06-12,2025-06-17,3,25138.55,49.95,71.45,121.4,63.94,55.8,True,False,-909.09,1017.25,108.16,recovery_lock_83pct,False,False,fixed,fixed,09:40,2025-06-12 09:43:00+05:30,2025-06-12 10:02:00+05:30
2025-06-13,2025-06-17,2,24593.8,194.15,195.45,389.6,168.9,209.13,False,True,1641.25,-889.3,751.95,recovery_lock_51pct,False,False,fixed,fixed,09:35,2025-06-13 15:07:00+05:30,2025-06-13 15:00:00+05:30
2025-06-16,2025-06-17,1,24770.4,162.7,129.15,291.85,148.05,154.98,False,True,952.25,-1678.95,-726.7,spot_move_167pts,False,False,fixed,fixed,09:30,2025-06-16 12:34:00+05:30,2025-06-16 10:28:00+05:30
2025-06-17,2025-06-17,0,24872.45,134.25,117.05,251.3,109.85,140.46,False,True,1586.0,-1521.65,64.35,recovery_lock_93pct,False,False,fixed,fixed,09:30,2025-06-17 10:04:00+05:30,2025-06-17 09:43:00+05:30
2025-06-18,2025-06-24,4,24945.15,100.0,102.4,202.4,78.4,86.35,False,False,1404.0,1043.25,2447.25,hard_exit,False,False,fixed,fixed,09:45,2025-06-18 15:15:00+05:30,2025-06-18 15:15:00+05:30
2025-06-19,2025-06-24,3,24834.25,31.7,43.3,75.0,40.58,31.85,True,False,-576.94,744.25,167.31,recovery_lock_80pct,False,False,fixed,fixed,09:40,2025-06-19 09:46:00+05:30,2025-06-19 09:58:00+05:30
2025-06-20,2025-06-24,2,24843.25,165.85,157.0,322.85,207.31,146.9,True,False,-2695.06,656.5,-2038.56,spot_move_168pts,False,False,fixed,fixed,09:35,2025-06-20 10:27:00+05:30,2025-06-20 10:27:00+05:30
2025-06-23,2025-06-24,1,24910.8,149.7,139.05,288.75,172.15,136.9,True,False,-1459.57,139.75,-1319.82,hard_exit,False,False,fixed,fixed,09:30,2025-06-23 13:22:00+05:30,2025-06-23 15:15:00+05:30
2025-06-24,2025-06-24,0,25199.75,123.45,108.1,231.55,148.14,129.72,True,True,-1604.85,-1405.3,-3010.15,both_sl_hit,False,False,fixed,fixed,09:30,2025-06-24 09:48:00+05:30,2025-06-24 09:49:00+05:30
2025-06-25,2025-07-01,4,25193.55,98.4,80.65,179.05,105.29,68.3,True,False,-447.72,802.75,355.03,recovery_lock_75pct,False,False,fixed,fixed,09:45,2025-06-25 14:33:00+05:30,2025-06-25 14:34:00+05:30
2025-06-26,2025-07-01,3,25352.25,71.15,61.0,132.15,91.07,52.75,True,False,-1294.93,536.25,-758.68,spot_move_66pts,False,False,fixed,fixed,09:40,2025-06-26 09:47:00+05:30,2025-06-26 09:59:00+05:30
2025-06-27,2025-07-01,2,25571.35,189.35,141.5,330.85,144.2,132.75,False,False,2934.75,568.75,3503.5,hard_exit,False,False,fixed,fixed,09:35,2025-06-27 15:15:00+05:30,2025-06-27 15:15:00+05:30
2025-06-30,2025-07-01,1,25609.85,151.15,122.65,273.8,128.85,141.05,False,True,1449.5,-1195.84,253.66,recovery_lock_53pct,False,False,fixed,fixed,09:30,2025-06-30 13:54:00+05:30,2025-06-30 13:15:00+05:30
2025-07-01,2025-07-01,0,25584.35,104.65,124.95,229.6,125.58,98.0,True,False,-1360.45,1751.75,391.3,recovery_lock_51pct,False,False,fixed,fixed,09:30,2025-07-01 09:46:00+05:30,2025-07-01 09:53:00+05:30
2025-07-02,2025-07-08,4,25533.65,79.25,77.85,157.1,103.02,62.15,True,False,-1545.38,1020.5,-524.88,spot_move_80pts,False,False,fixed,fixed,09:45,2025-07-02 10:01:00+05:30,2025-07-02 13:17:00+05:30
2025-07-03,2025-07-08,3,25473.6,45.0,34.8,79.8,47.65,44.54,False,True,-172.25,-633.36,-805.61,spot_move_46pts,False,False,fixed,fixed,09:40,2025-07-03 09:50:00+05:30,2025-07-03 09:41:00+05:30
2025-07-04,2025-07-08,2,25400.9,162.1,136.85,298.95,147.45,146.43,False,True,952.25,-622.67,329.58,recovery_lock_72pct,False,False,fixed,fixed,09:35,2025-07-04 14:40:00+05:30,2025-07-04 14:36:00+05:30
2025-07-07,2025-07-08,1,25449.45,120.0,118.4,238.4,144.0,106.2,True,False,-1560.0,793.0,-767.0,hard_exit,False,False,fixed,fixed,09:30,2025-07-07 09:40:00+05:30,2025-07-07 15:15:00+05:30
2025-07-08,2025-07-08,0,25493.55,106.0,100.1,206.1,113.42,89.4,True,False,-482.3,695.5,213.2,recovery_lock_87pct,False,False,fixed,fixed,09:30,2025-07-08 15:08:00+05:30,2025-07-08 15:09:00+05:30
2025-07-09,2025-07-15,4,25485.3,68.9,68.4,137.3,89.57,73.19,True,True,-1343.55,-311.22,-1654.77,both_sl_hit,False,False,fixed,fixed,09:45,2025-07-09 10:10:00+05:30,2025-07-09 14:31:00+05:30
2025-07-10,2025-07-15,3,25439.85,44.15,50.0,94.15,56.51,64.0,True,True,-803.53,-910.0,-1713.53,both_sl_hit,False,False,fixed,fixed,09:40,2025-07-10 09:53:00+05:30,2025-07-10 09:58:00+05:30
2025-07-11,2025-07-15,2,25287.85,131.7,118.8,250.5,164.62,115.0,True,False,-2140.13,247.0,-1893.13,spot_move_122pts,False,False,fixed,fixed,09:35,2025-07-11 10:58:00+05:30,2025-07-11 11:01:00+05:30
2025-07-14,2025-07-15,1,25073.2,133.0,96.9,229.9,112.8,116.28,False,True,1313.0,-1259.7,53.3,recovery_lock_92pct,False,False,fixed,fixed,09:30,2025-07-14 13:17:00+05:30,2025-07-14 09:40:00+05:30
2025-07-15,2025-07-15,0,25139.5,94.2,83.95,178.15,113.04,94.3,True,False,-1224.6,-672.75,-1897.35,spot_move_86pts,False,False,fixed,fixed,09:30,2025-07-15 09:36:00+05:30,2025-07-15 11:05:00+05:30
2025-07-16,2025-07-22,4,25151.85,70.55,60.8,131.35,60.35,69.92,False,True,663.0,-592.8,70.2,recovery_lock_89pct,False,False,fixed,fixed,09:45,2025-07-16 12:31:00+05:30,2025-07-16 12:25:00+05:30
2025-07-17,2025-07-22,3,25190.5,33.8,40.0,73.8,43.26,38.95,True,False,-615.16,68.25,-546.91,spot_move_46pts,False,False,fixed,fixed,09:40,2025-07-17 10:08:00+05:30,2025-07-17 10:30:00+05:30
2025-07-18,2025-07-22,2,25072.6,159.05,100.5,259.55,163.05,125.62,False,True,-260.0,-1633.12,-1893.12,hard_exit,False,False,fixed,fixed,09:35,2025-07-18 15:15:00+05:30,2025-07-18 10:16:00+05:30
2025-07-21,2025-07-22,1,24912.1,121.8,94.75,216.55,128.75,113.7,False,True,-451.75,-1231.75,-1683.5,spot_move_136pts,False,False,fixed,fixed,09:30,2025-07-21 09:55:00+05:30,2025-07-21 09:40:00+05:30
2025-07-22,2025-07-22,0,25124.75,98.35,67.7,166.05,82.95,81.24,False,True,1001.0,-880.1,120.9,recovery_lock_81pct,False,False,fixed,fixed,09:30,2025-07-22 09:58:00+05:30,2025-07-22 09:31:00+05:30
2025-07-23,2025-07-29,4,25100.35,67.9,56.25,124.15,48.4,64.69,False,True,1267.5,-548.44,719.06,spot_move_76pts,False,False,fixed,fixed,09:45,2025-07-23 12:23:00+05:30,2025-07-23 12:23:00+05:30
2025-07-24,2025-07-29,3,25184.3,28.8,37.2,66.0,36.86,19.55,True,True,-524.16,1147.25,623.09,both_sl_hit,False,True,fixed,trailing,09:40,2025-07-24 09:50:00+05:30,2025-07-24 10:31:00+05:30
2025-07-25,2025-07-29,2,24962.5,142.0,109.45,251.45,150.75,136.81,False,True,-568.75,-1778.56,-2347.31,spot_move_142pts,False,False,fixed,fixed,09:35,2025-07-25 12:23:00+05:30,2025-07-25 10:51:00+05:30
2025-07-28,2025-07-29,1,24802.9,129.0,97.6,226.6,111.0,112.24,False,True,1170.0,-951.6,218.4,recovery_lock_57pct,False,False,fixed,fixed,09:30,2025-07-28 13:32:00+05:30,2025-07-28 13:00:00+05:30
2025-07-29,2025-07-29,0,24703.25,117.15,87.25,204.4,100.8,58.0,False,False,1062.75,1901.25,2964.0,hard_exit,False,False,fixed,fixed,09:30,2025-07-29 15:15:00+05:30,2025-07-29 15:15:00+05:30
2025-07-30,2025-08-05,4,24861.05,78.6,65.3,143.9,92.2,84.89,False,True,-884.0,-1273.35,-2157.35,spot_move_86pts,False,False,fixed,fixed,09:45,2025-07-30 10:45:00+05:30,2025-07-30 09:50:00+05:30
2025-07-31,2025-08-05,3,24690.3,44.4,59.6,104.0,56.83,45.8,True,False,-808.08,897.0,88.92,recovery_lock_87pct,False,False,fixed,fixed,09:40,2025-07-31 10:00:00+05:30,2025-07-31 10:46:00+05:30
2025-08-01,2025-08-05,2,24716.25,169.3,136.95,306.25,142.95,157.49,False,True,1712.75,-1335.26,377.49,recovery_lock_50pct,False,False,fixed,fixed,09:35,2025-08-01 13:31:00+05:30,2025-08-01 12:31:00+05:30
2025-08-04,2025-08-05,1,24664.7,150.95,119.4,270.35,139.78,143.28,True,True,726.05,-1552.2,-826.15,both_sl_hit,False,False,breakeven,fixed,09:30,2025-08-04 09:54:00+05:30,2025-08-04 09:49:00+05:30
2025-08-05,2025-08-05,0,24675.6,96.2,116.5,212.7,115.44,95.45,True,False,-1250.6,1368.25,117.65,recovery_lock_78pct,False,False,fixed,fixed,09:30,2025-08-05 09:31:00+05:30,2025-08-05 11:08:00+05:30
2025-08-06,2025-08-12,4,24622.0,113.0,72.5,185.5,89.7,94.25,False,True,1514.5,-1413.75,100.75,recovery_lock_92pct,False,False,fixed,fixed,09:45,2025-08-06 10:26:00+05:30,2025-08-06 09:52:00+05:30
2025-08-07,2025-08-12,3,24514.35,52.55,36.75,89.3,45.35,47.04,False,True,468.0,-668.85,-200.85,spot_move_58pts,False,False,fixed,fixed,09:40,2025-08-07 10:28:00+05:30,2025-08-07 10:01:00+05:30
2025-08-08,2025-08-12,2,24502.8,152.8,124.95,277.75,163.5,103.6,True,False,-695.24,1387.75,692.51,spot_move_130pts,False,False,fixed,fixed,09:35,2025-08-08 15:11:00+05:30,2025-08-08 15:11:00+05:30
2025-08-11,2025-08-12,1,24388.6,131.7,116.95,248.65,158.04,93.5,True,False,-1712.1,1524.25,-187.85,spot_move_119pts,False,False,fixed,fixed,09:30,2025-08-11 09:31:00+05:30,2025-08-11 13:40:00+05:30
2025-08-12,2025-08-12,0,24614.4,105.25,82.35,187.6,126.3,98.82,True,True,-1368.25,-1070.55,-2438.8,both_sl_hit,False,False,fixed,fixed,09:30,2025-08-12 10:31:00+05:30,2025-08-12 09:31:00+05:30
2025-08-13,2025-08-19,3,24575.4,75.2,74.95,150.15,96.26,51.6,True,False,-1368.64,1517.75,149.11,recovery_lock_71pct,False,False,fixed,fixed,09:40,2025-08-13 09:44:00+05:30,2025-08-13 11:43:00+05:30
2025-08-14,2025-08-19,2,24619.85,58.8,37.05,95.85,44.15,46.31,False,True,952.25,-602.06,350.19,recovery_lock_66pct,False,False,fixed,fixed,09:35,2025-08-14 09:39:00+05:30,2025-08-14 09:36:00+05:30
2025-08-18,2025-08-19,1,24979.0,135.05,126.35,261.4,162.06,95.95,True,False,-1755.65,1976.0,220.35,recovery_lock_61pct,False,False,fixed,fixed,09:30,2025-08-18 09:50:00+05:30,2025-08-18 12:06:00+05:30
2025-08-19,2025-08-19,0,24910.7,105.3,79.8,185.1,91.6,87.78,False,True,890.5,-518.7,371.8,recovery_lock_71pct,False,False,fixed,fixed,09:30,2025-08-19 13:52:00+05:30,2025-08-19 13:32:00+05:30
2025-08-20,2025-08-26,4,24972.0,79.05,61.0,140.05,66.3,79.3,False,True,828.75,-1189.5,-360.75,spot_move_80pts,False,False,fixed,fixed,09:45,2025-08-20 12:49:00+05:30,2025-08-20 09:47:00+05:30
2025-08-21,2025-08-26,3,25057.6,41.45,34.75,76.2,28.7,44.48,False,True,828.75,-632.45,196.3,recovery_lock_61pct,False,False,fixed,fixed,09:40,2025-08-21 09:48:00+05:30,2025-08-21 09:47:00+05:30
2025-08-22,2025-08-26,2,24967.65,141.55,104.1,245.65,111.0,130.12,False,True,1985.75,-1691.63,294.13,recovery_lock_53pct,False,False,fixed,fixed,09:35,2025-08-22 13:23:00+05:30,2025-08-22 09:52:00+05:30
2025-08-25,2025-08-26,1,24947.5,99.55,84.5,184.05,119.46,60.0,True,False,-1294.15,1592.5,298.35,recovery_lock_53pct,False,False,fixed,fixed,09:30,2025-08-25 10:02:00+05:30,2025-08-25 15:02:00+05:30
2025-08-26,2025-08-26,0,24787.85,79.35,79.4,158.75,95.22,59.9,True,False,-1031.55,1267.5,235.95,recovery_lock_68pct,False,False,fixed,fixed,09:30,2025-08-26 09:37:00+05:30,2025-08-26 11:38:00+05:30
2025-08-28,2025-09-02,3,24574.7,65.4,41.2,106.6,51.45,52.74,False,True,906.75,-749.84,156.91,recovery_lock_87pct,False,False,fixed,fixed,09:40,2025-08-28 09:48:00+05:30,2025-08-28 09:45:00+05:30
2025-08-29,2025-09-02,2,24487.85,119.6,103.85,223.45,120.9,64.85,False,False,-84.5,2535.0,2450.5,hard_exit,False,False,fixed,fixed,09:35,2025-08-29 15:15:00+05:30,2025-08-29 15:15:00+05:30
2025-09-01,2025-09-02,1,24531.7,73.0,59.85,132.85,87.6,50.1,True,False,-949.0,633.75,-315.25,spot_move_61pts,False,False,fixed,fixed,09:30,2025-09-01 10:14:00+05:30,2025-09-01 13:16:00+05:30
2025-09-02,2025-09-02,0,24660.9,47.2,30.85,78.05,36.5,37.02,False,True,695.5,-401.05,294.45,recovery_lock_70pct,False,False,fixed,fixed,09:30,2025-09-02 09:45:00+05:30,2025-09-02 09:33:00+05:30
2025-09-03,2025-09-09,4,24557.1,140.25,104.5,244.75,129.55,111.82,False,True,695.5,-475.48,220.02,recovery_lock_86pct,False,False,fixed,fixed,09:45,2025-09-03 14:40:00+05:30,2025-09-03 14:31:00+05:30
2025-09-04,2025-09-09,3,24909.1,121.45,86.7,208.15,139.67,110.98,True,True,-1184.14,-1577.94,-2762.08,both_sl_hit,False,False,fixed,fixed,09:40,2025-09-04 12:07:00+05:30,2025-09-04 10:47:00+05:30
2025-09-05,2025-09-09,2,24791.05,89.6,81.1,170.7,112.0,101.38,True,True,-1456.0,-1317.88,-2773.88,both_sl_hit,False,False,fixed,fixed,09:35,2025-09-05 10:03:00+05:30,2025-09-05 10:12:00+05:30
2025-09-08,2025-09-09,1,24802.45,79.85,56.0,135.85,64.1,67.2,False,True,1023.75,-728.0,295.75,recovery_lock_58pct,False,False,fixed,fixed,09:30,2025-09-08 09:39:00+05:30,2025-09-08 09:35:00+05:30
2025-09-09,2025-09-09,0,24860.1,55.45,34.95,90.4,40.0,41.94,False,True,1004.25,-454.35,549.9,recovery_lock_51pct,False,False,fixed,fixed,09:30,2025-09-09 11:00:00+05:30,2025-09-09 09:33:00+05:30
2025-09-10,2025-09-16,4,25013.9,146.25,102.1,248.35,156.49,85.0,True,False,-665.44,1111.5,446.06,recovery_lock_66pct,False,False,fixed,fixed,09:45,2025-09-10 14:43:00+05:30,2025-09-10 14:45:00+05:30
2025-09-11,2025-09-16,3,24975.35,108.95,94.7,203.65,139.46,71.15,True,False,-1982.89,1530.75,-452.14,hard_exit,False,False,fixed,fixed,09:40,2025-09-11 09:46:00+05:30,2025-09-11 15:15:00+05:30
2025-09-12,2025-09-16,2,25044.45,94.6,70.3,164.9,93.9,80.84,False,True,45.5,-685.42,-639.92,hard_exit,False,False,fixed,fixed,09:35,2025-09-12 15:15:00+05:30,2025-09-12 12:02:00+05:30
2025-09-15,2025-09-16,1,25105.8,70.7,51.55,122.25,84.84,61.86,True,True,-919.1,-670.15,-1589.25,both_sl_hit,False,False,fixed,fixed,09:30,2025-09-15 10:09:00+05:30,2025-09-15 09:34:00+05:30
2025-09-16,2025-09-16,0,25113.6,45.85,27.8,73.65,39.45,33.36,False,True,416.0,-361.4,54.6,recovery_lock_94pct,False,False,fixed,fixed,09:30,2025-09-16 09:39:00+05:30,2025-09-16 09:33:00+05:30
2025-09-17,2025-09-23,4,25319.45,148.05,78.05,226.1,129.65,89.76,False,True,1196.0,-760.99,435.01,recovery_lock_62pct,False,False,fixed,fixed,09:45,2025-09-17 12:31:00+05:30,2025-09-17 12:14:00+05:30
2025-09-18,2025-09-23,3,25411.7,122.2,63.4,185.6,108.55,72.91,False,True,887.25,-618.15,269.1,recovery_lock_77pct,False,False,fixed,fixed,09:40,2025-09-18 14:55:00+05:30,2025-09-18 12:40:00+05:30
2025-09-19,2025-09-23,2,25339.6,81.5,79.0,160.5,101.88,57.9,True,False,-1324.38,1371.5,47.12,recovery_lock_95pct,False,False,fixed,fixed,09:35,2025-09-19 09:58:00+05:30,2025-09-19 15:15:00+05:30
2025-09-22,2025-09-23,1,25286.15,60.4,55.75,116.15,72.48,43.05,True,False,-785.2,825.5,40.3,recovery_lock_93pct,False,False,fixed,fixed,09:30,2025-09-22 09:31:00+05:30,2025-09-22 11:55:00+05:30
2025-09-23,2025-09-23,0,25172.5,59.5,26.15,85.65,47.1,31.38,False,True,806.0,-339.95,466.05,recovery_lock_67pct,False,False,fixed,fixed,09:30,2025-09-23 09:41:00+05:30,2025-09-23 09:37:00+05:30
2025-09-24,2025-09-30,4,25053.65,145.85,90.9,236.75,156.06,80.6,True,False,-663.62,669.5,5.88,recovery_lock_99pct,False,False,fixed,fixed,09:45,2025-09-24 14:32:00+05:30,2025-09-24 14:38:00+05:30
2025-09-25,2025-09-30,3,25079.1,106.0,89.25,195.25,135.68,82.9,True,False,-1929.2,412.75,-1516.45,spot_move_90pts,False,False,fixed,fixed,09:40,2025-09-25 09:41:00+05:30,2025-09-25 11:42:00+05:30
2025-09-26,2025-09-30,2,24774.3,142.15,56.9,199.05,119.1,71.12,False,True,1498.25,-924.63,573.63,recovery_lock_51pct,False,False,fixed,fixed,09:35,2025-09-26 09:46:00+05:30,2025-09-26 09:36:00+05:30
2025-09-29,2025-09-30,1,24709.7,105.2,46.75,151.95,90.15,56.1,False,True,978.25,-607.75,370.5,recovery_lock_58pct,False,False,fixed,fixed,09:30,2025-09-29 09:43:00+05:30,2025-09-29 09:34:00+05:30
2025-09-30,2025-09-30,0,24655.65,66.3,45.35,111.65,57.2,54.42,False,True,591.5,-589.55,1.95,recovery_lock_100pct,False,False,fixed,fixed,09:30,2025-09-30 09:41:00+05:30,2025-09-30 09:33:00+05:30
2025-10-01,2025-10-07,3,24667.45,144.15,96.45,240.6,105.7,85.25,False,False,2499.25,728.0,3227.25,hard_exit,False,False,fixed,fixed,09:40,2025-10-01 15:15:00+05:30,2025-10-01 15:15:00+05:30
2025-10-03,2025-10-07,2,24763.05,112.0,66.6,178.6,91.95,83.25,False,True,1303.25,-1082.25,221.0,recovery_lock_63pct,False,False,fixed,fixed,09:35,2025-10-03 09:40:00+05:30,2025-10-03 09:38:00+05:30
2025-10-06,2025-10-07,1,24888.1,57.9,64.7,122.6,69.48,54.45,True,False,-752.7,666.25,-86.45,spot_move_65pts,False,False,fixed,fixed,09:30,2025-10-06 09:33:00+05:30,2025-10-06 09:45:00+05:30
2025-10-07,2025-10-07,0,25111.65,50.8,36.0,86.8,41.4,43.2,False,True,611.0,-468.0,143.0,recovery_lock_79pct,False,False,fixed,fixed,09:30,2025-10-07 09:44:00+05:30,2025-10-07 09:37:00+05:30
2025-10-08,2025-10-14,4,25171.05,140.95,81.25,222.2,109.6,105.62,False,True,2037.75,-1584.38,453.37,spot_move_143pts,False,False,fixed,fixed,09:45,2025-10-08 11:18:00+05:30,2025-10-08 11:18:00+05:30
2025-10-09,2025-10-14,3,25090.95,107.6,90.8,198.4,123.74,74.6,True,False,-1049.1,1053.0,3.9,recovery_lock_99pct,False,False,fixed,fixed,09:40,2025-10-09 12:07:00+05:30,2025-10-09 12:12:00+05:30
2025-10-10,2025-10-14,2,25248.85,103.9,67.4,171.3,129.88,54.6,True,False,-1688.37,832.0,-856.37,spot_move_68pts,False,False,fixed,fixed,09:35,2025-10-10 10:02:00+05:30,2025-10-10 12:54:00+05:30
2025-10-13,2025-10-14,1,25178.95,76.95,82.8,159.75,92.34,66.3,True,False,-1000.35,1072.5,72.15,recovery_lock_88pct,False,False,fixed,fixed,09:30,2025-10-13 09:31:00+05:30,2025-10-13 11:59:00+05:30
2025-10-14,2025-10-14,0,25288.3,48.1,45.05,93.15,57.72,54.06,True,True,-625.3,-585.65,-1210.95,both_sl_hit,False,False,fixed,fixed,09:30,2025-10-14 09:38:00+05:30,2025-10-14 09:44:00+05:30
2025-10-15,2025-10-20,3,25221.6,164.35,78.4,242.75,140.7,100.35,False,True,1537.25,-1426.88,110.37,recovery_lock_81pct,False,False,fixed,fixed,09:40,2025-10-15 09:45:00+05:30,2025-10-15 09:42:00+05:30
2025-10-16,2025-10-20,2,25435.5,113.0,78.6,191.6,129.95,68.75,True,False,-1101.75,640.25,-461.5,spot_move_80pts,False,False,fixed,fixed,09:35,2025-10-16 12:54:00+05:30,2025-10-16 12:54:00+05:30
2025-10-17,2025-10-20,1,25604.0,103.45,79.2,182.65,112.2,95.04,False,True,-568.75,-1029.6,-1598.35,spot_move_107pts,False,False,fixed,fixed,09:30,2025-10-17 10:53:00+05:30,2025-10-17 10:13:00+05:30
2025-10-20,2025-10-20,0,25868.9,76.7,45.1,121.8,65.5,54.12,False,True,728.0,-586.3,141.7,recovery_lock_86pct,False,False,fixed,fixed,09:30,2025-10-20 09:38:00+05:30,2025-10-20 09:32:00+05:30
2025-10-23,2025-10-28,3,26071.55,183.7,87.85,271.55,185.8,71.7,False,False,-136.5,1049.75,913.25,hard_exit,False,False,fixed,fixed,09:40,2025-10-23 15:15:00+05:30,2025-10-23 15:15:00+05:30
2025-10-24,2025-10-28,2,25870.2,163.5,72.4,235.9,143.15,90.5,False,True,1322.75,-1176.5,146.25,recovery_lock_76pct,False,False,fixed,fixed,09:35,2025-10-24 09:46:00+05:30,2025-10-24 09:36:00+05:30
2025-10-27,2025-10-28,1,25889.15,109.45,56.0,165.45,131.34,67.2,True,True,-1422.85,-728.0,-2150.85,both_sl_hit,False,False,fixed,fixed,09:30,2025-10-27 09:39:00+05:30,2025-10-27 09:40:00+05:30
2025-10-28,2025-10-28,0,25988.9,69.75,60.5,130.25,83.7,57.05,True,False,-906.75,224.25,-682.5,spot_move_82pts,False,False,fixed,fixed,09:30,2025-10-28 09:32:00+05:30,2025-10-28 10:05:00+05:30
2025-10-29,2025-11-04,4,25987.25,182.3,126.35,308.65,209.64,108.6,True,False,-1777.42,1153.75,-623.67,hard_exit,False,False,fixed,fixed,09:45,2025-10-29 12:28:00+05:30,2025-10-29 15:15:00+05:30
2025-10-30,2025-11-04,3,25935.6,144.0,130.05,274.05,165.6,103.45,True,False,-1404.0,1729.0,325.0,recovery_lock_69pct,False,False,fixed,fixed,09:40,2025-10-30 13:17:00+05:30,2025-10-30 13:24:00+05:30
2025-10-31,2025-11-04,2,25948.55,139.05,90.2,229.25,148.78,55.45,True,False,-632.68,2258.75,1626.07,spot_move_224pts,False,False,fixed,fixed,09:35,2025-10-31 15:04:00+05:30,2025-10-31 15:04:00+05:30
2025-12-01,2025-12-02,1,26294.4,84.2,69.75,153.95,101.04,63.55,True,False,-1094.6,403.0,-691.6,spot_move_78pts,False,False,fixed,fixed,09:30,2025-12-01 09:53:00+05:30,2025-12-01 11:43:00+05:30
2025-12-02,2025-12-02,0,26122.1,66.25,38.95,105.2,56.9,46.74,False,True,607.75,-506.35,101.4,recovery_lock_86pct,False,False,fixed,fixed,09:30,2025-12-02 09:40:00+05:30,2025-12-02 09:32:00+05:30
2025-12-03,2025-12-09,4,25941.4,153.5,121.0,274.5,168.85,102.95,True,False,-997.75,1173.25,175.5,recovery_lock_84pct,False,False,fixed,fixed,09:45,2025-12-03 14:29:00+05:30,2025-12-03 14:53:00+05:30
2025-12-04,2025-12-09,3,26003.5,129.6,100.35,229.95,114.15,93.6,False,False,1004.25,438.75,1443.0,hard_exit,False,False,fixed,fixed,09:40,2025-12-04 15:15:00+05:30,2025-12-04 15:15:00+05:30
2025-12-05,2025-12-09,2,26044.6,112.55,89.9,202.45,140.69,82.3,True,False,-1828.94,494.0,-1334.94,spot_move_92pts,False,False,fixed,fixed,09:35,2025-12-05 10:28:00+05:30,2025-12-05 11:02:00+05:30
2025-12-08,2025-12-09,1,26139.7,78.15,66.05,144.2,93.78,48.75,True,False,-1015.95,1124.5,108.55,spot_move_68pts,False,False,fixed,fixed,09:30,2025-12-08 09:35:00+05:30,2025-12-08 10:04:00+05:30
2025-12-09,2025-12-09,0,25776.35,49.25,64.2,113.45,59.1,49.0,True,False,-640.25,988.0,347.75,recovery_lock_63pct,False,False,fixed,fixed,09:30,2025-12-09 09:31:00+05:30,2025-12-09 09:36:00+05:30
2025-12-10,2025-12-16,4,25915.8,153.65,103.75,257.4,137.5,119.31,False,True,1049.75,-1011.56,38.19,recovery_lock_94pct,False,False,fixed,fixed,09:45,2025-12-10 12:35:00+05:30,2025-12-10 12:00:00+05:30
2025-12-11,2025-12-16,3,25703.5,141.3,106.7,248.0,114.5,89.25,False,False,1742.0,1134.25,2876.25,hard_exit,False,False,fixed,fixed,09:40,2025-12-11 15:15:00+05:30,2025-12-11 15:15:00+05:30
2025-12-12,2025-12-16,2,26024.15,124.55,70.35,194.9,106.5,87.94,False,True,1173.25,-1143.19,30.06,recovery_lock_96pct,False,False,fixed,fixed,09:35,2025-12-12 09:58:00+05:30,2025-12-12 09:36:00+05:30
2025-12-15,2025-12-16,1,25915.0,93.75,64.8,158.55,73.95,77.76,False,True,1287.0,-842.4,444.6,recovery_lock_55pct,False,False,fixed,fixed,09:30,2025-12-15 10:00:00+05:30,2025-12-15 09:33:00+05:30
2025-12-16,2025-12-16,0,25916.3,59.0,39.55,98.55,49.15,47.46,False,True,640.25,-514.15,126.1,recovery_lock_89pct,False,False,fixed,fixed,09:30,2025-12-16 09:58:00+05:30,2025-12-16 09:41:00+05:30
2025-12-17,2025-12-23,4,25881.55,130.35,116.25,246.6,143.39,99.0,True,False,-847.28,1121.25,273.97,recovery_lock_66pct,False,False,fixed,fixed,09:45,2025-12-17 14:16:00+05:30,2025-12-17 14:24:00+05:30
2025-12-18,2025-12-23,3,25773.6,138.05,81.45,219.5,109.3,104.26,False,True,1868.75,-1482.39,386.36,recovery_lock_50pct,False,False,fixed,fixed,09:40,2025-12-18 13:08:00+05:30,2025-12-18 10:09:00+05:30
2025-12-19,2025-12-23,2,25959.8,107.6,80.5,188.1,90.25,88.55,False,True,1127.75,-523.25,604.5,recovery_lock_71pct,False,False,fixed,fixed,09:35,2025-12-19 13:37:00+05:30,2025-12-19 13:36:00+05:30
2025-12-22,2025-12-23,1,26126.45,55.9,77.15,133.05,67.08,65.9,True,False,-726.7,731.25,4.55,recovery_lock_100pct,False,False,fixed,fixed,09:30,2025-12-22 09:38:00+05:30,2025-12-22 10:49:00+05:30
2025-12-23,2025-12-23,0,26138.85,36.4,48.05,84.45,43.68,57.66,True,True,-473.2,-624.65,-1097.85,both_sl_hit,False,False,fixed,fixed,09:30,2025-12-23 09:43:00+05:30,2025-12-23 09:45:00+05:30
2025-12-24,2025-12-30,3,26215.3,124.6,80.25,204.85,99.45,76.5,False,False,1634.75,243.75,1878.5,hard_exit,False,False,fixed,fixed,09:40,2025-12-24 15:15:00+05:30,2025-12-24 15:15:00+05:30
2025-12-26,2025-12-30,2,26103.7,79.8,67.4,147.2,87.78,84.25,True,True,-518.7,-1095.25,-1613.95,both_sl_hit,False,False,fixed,fixed,09:35,2025-12-26 14:20:00+05:30,2025-12-26 09:53:00+05:30
2025-12-29,2025-12-30,1,26060.55,67.0,42.7,109.7,80.4,51.24,True,True,-871.0,-555.1,-1426.1,both_sl_hit,False,False,fixed,fixed,09:30,2025-12-29 09:35:00+05:30,2025-12-29 09:36:00+05:30
2025-12-30,2025-12-30,0,25885.05,30.45,44.8,75.25,36.54,53.76,True,True,-395.85,-582.4,-978.25,both_sl_hit,False,False,fixed,fixed,09:30,2025-12-30 09:34:00+05:30,2025-12-30 09:42:00+05:30
2025-12-31,2026-01-06,4,25977.25,121.2,93.2,214.4,105.55,102.52,False,True,1017.25,-605.8,411.45,spot_move_199pts,False,False,fixed,fixed,09:45,2025-12-31 13:58:00+05:30,2025-12-31 13:58:00+05:30
2026-01-01,2026-01-06,3,26174.55,110.95,70.0,180.95,87.8,89.6,False,True,1504.75,-1274.0,230.75,recovery_lock_58pct,False,False,fixed,fixed,09:40,2026-01-01 09:49:00+05:30,2026-01-01 09:41:00+05:30
2026-01-02,2026-01-06,2,26199.05,90.3,60.25,150.55,75.35,75.31,False,True,971.75,-979.06,-7.31,spot_move_91pts,False,False,fixed,fixed,09:35,2026-01-02 11:49:00+05:30,2026-01-02 09:41:00+05:30
2026-01-05,2026-01-06,1,26295.7,59.8,61.9,121.7,71.76,50.1,True,False,-777.4,767.0,-10.4,spot_move_63pts,False,False,fixed,fixed,09:30,2026-01-05 09:34:00+05:30,2026-01-05 10:18:00+05:30
2026-01-06,2026-01-06,0,26178.5,34.1,52.3,86.4,40.92,38.85,True,False,-443.3,874.25,430.95,recovery_lock_58pct,False,False,fixed,fixed,09:30,2026-01-06 09:32:00+05:30,2026-01-06 09:38:00+05:30
2026-01-07,2026-01-13,4,26113.1,129.25,85.75,215.0,103.0,91.75,False,True,1706.25,-390.16,1316.09,hard_exit,False,False,fixed,fixed,09:45,2026-01-07 15:15:00+05:30,2026-01-07 15:01:00+05:30
2026-01-08,2026-01-13,3,26090.7,92.5,88.8,181.3,118.4,85.0,True,False,-1683.5,247.0,-1436.5,spot_move_94pts,False,False,fixed,fixed,09:40,2026-01-08 09:50:00+05:30,2026-01-08 11:18:00+05:30
2026-01-09,2026-01-13,2,25832.35,110.4,81.65,192.05,138.0,76.05,True,False,-1794.0,364.0,-1430.0,spot_move_85pts,False,False,fixed,fixed,09:35,2026-01-09 09:38:00+05:30,2026-01-09 11:46:00+05:30
2026-01-12,2026-01-13,1,25559.65,108.95,64.9,173.85,95.55,77.88,False,True,871.0,-843.7,27.3,recovery_lock_97pct,False,False,fixed,fixed,09:30,2026-01-12 09:43:00+05:30,2026-01-12 09:35:00+05:30
2026-01-13,2026-01-13,0,25766.85,74.1,60.9,135.0,61.1,73.08,False,True,845.0,-791.7,53.3,recovery_lock_92pct,False,False,fixed,fixed,09:30,2026-01-13 09:48:00+05:30,2026-01-13 09:32:00+05:30
2026-01-14,2026-01-20,4,25691.85,137.4,129.25,266.65,151.14,113.15,True,False,-893.1,1046.5,153.4,recovery_lock_79pct,False,False,fixed,fixed,09:45,2026-01-14 14:23:00+05:30,2026-01-14 14:39:00+05:30
2026-01-16,2026-01-20,2,25703.1,130.15,92.45,222.6,112.25,106.32,False,True,1163.5,-901.39,262.11,recovery_lock_55pct,False,False,fixed,fixed,09:35,2026-01-16 14:07:00+05:30,2026-01-16 13:27:00+05:30
2026-01-19,2026-01-20,1,25544.4,83.5,86.1,169.6,100.2,103.32,True,True,-1085.5,-1119.3,-2204.8,both_sl_hit,False,False,fixed,fixed,09:30,2026-01-19 10:00:00+05:30,2026-01-19 09:34:00+05:30
2026-01-20,2026-01-20,0,25490.35,55.8,60.75,116.55,66.96,44.95,True,False,-725.4,1027.0,301.6,recovery_lock_59pct,False,False,fixed,fixed,09:30,2026-01-20 09:36:00+05:30,2026-01-20 10:38:00+05:30
2026-01-21,2026-01-27,3,25195.85,183.6,124.6,308.2,200.6,159.49,False,True,-1105.0,-2267.72,-3372.72,spot_move_239pts,False,False,fixed,fixed,09:40,2026-01-21 10:55:00+05:30,2026-01-21 10:55:00+05:30
2026-01-22,2026-01-27,2,25415.7,162.6,122.85,285.45,154.75,141.28,False,True,510.25,-1197.79,-687.54,spot_move_231pts,False,False,fixed,fixed,09:35,2026-01-22 12:00:00+05:30,2026-01-22 12:00:00+05:30
2026-01-23,2026-01-27,1,25330.3,118.9,116.8,235.7,142.68,88.4,True,False,-1545.7,1846.0,300.3,recovery_lock_56pct,False,False,fixed,fixed,09:30,2026-01-23 09:33:00+05:30,2026-01-23 11:04:00+05:30
2026-01-27,2026-01-27,0,24943.9,101.0,88.55,189.55,93.1,106.26,False,True,513.5,-1151.15,-637.65,spot_move_139pts,False,False,fixed,fixed,09:30,2026-01-27 09:38:00+05:30,2026-01-27 09:33:00+05:30
2026-01-28,2026-02-03,4,25285.1,248.45,221.5,469.95,220.0,203.9,False,False,1849.25,1144.0,2993.25,hard_exit,False,False,fixed,fixed,09:45,2026-01-28 15:15:00+05:30,2026-01-28 15:15:00+05:30
2026-01-29,2026-02-03,3,25239.5,207.1,190.8,397.9,227.81,183.9,True,False,-1346.15,448.5,-897.65,spot_move_191pts,False,False,fixed,fixed,09:40,2026-01-29 13:49:00+05:30,2026-01-29 13:59:00+05:30
2026-01-30,2026-02-03,2,25281.25,198.4,197.45,395.85,185.66,227.07,True,True,828.1,-1925.14,-1097.04,both_sl_hit,False,False,breakeven,fixed,09:35,2026-01-30 13:21:00+05:30,2026-01-30 13:16:00+05:30
2026-02-02,2026-02-03,1,24879.8,152.15,179.1,331.25,128.75,124.65,False,False,1521.0,3539.25,5060.25,profit_target,False,False,fixed,fixed,09:30,2026-02-02 10:32:00+05:30,2026-02-02 10:32:00+05:30
2026-02-03,2026-02-03,0,25773.7,149.6,125.9,275.5,93.25,105.3,False,False,3662.75,1339.0,5001.75,profit_target,False,False,fixed,fixed,09:30,2026-02-03 10:45:00+05:30,2026-02-03 10:45:00+05:30
2026-02-04,2026-02-10,4,25790.95,182.8,174.1,356.9,163.65,157.0,False,False,1244.75,1111.5,2356.25,hard_exit,False,False,fixed,fixed,09:45,2026-02-04 15:15:00+05:30,2026-02-04 15:15:00+05:30
2026-02-05,2026-02-10,3,25667.8,167.15,126.75,293.9,154.45,139.43,False,True,825.5,-823.88,1.63,recovery_lock_100pct,False,False,fixed,fixed,09:40,2026-02-05 14:07:00+05:30,2026-02-05 13:32:00+05:30
2026-02-06,2026-02-10,2,25556.2,131.85,105.1,236.95,100.85,131.38,False,True,2015.0,-1707.88,307.12,recovery_lock_64pct,False,False,fixed,fixed,09:35,2026-02-06 13:40:00+05:30,2026-02-06 11:14:00+05:30
2026-02-09,2026-02-10,1,25831.05,78.85,89.2,168.05,94.62,70.55,True,False,-1025.05,1212.25,187.2,recovery_lock_73pct,False,False,fixed,fixed,09:30,2026-02-09 09:31:00+05:30,2026-02-09 10:08:00+05:30
2026-02-10,2026-02-10,0,25917.5,56.05,39.0,95.05,43.25,46.8,False,True,832.0,-507.0,325.0,recovery_lock_57pct,False,False,fixed,fixed,09:30,2026-02-10 09:56:00+05:30,2026-02-10 09:33:00+05:30
2026-02-11,2026-02-16,3,25924.0,170.5,99.25,269.75,149.4,114.14,False,True,1371.5,-967.69,403.81,recovery_lock_81pct,False,False,fixed,fixed,09:40,2026-02-11 12:37:00+05:30,2026-02-11 12:08:00+05:30
2026-02-12,2026-02-16,2,25837.55,127.45,108.15,235.6,136.37,92.35,True,False,-579.9,1027.0,447.1,recovery_lock_65pct,False,False,fixed,fixed,09:35,2026-02-12 14:34:00+05:30,2026-02-12 14:45:00+05:30
2026-02-13,2026-02-16,1,25566.1,130.3,84.85,215.15,112.35,101.82,False,True,1166.75,-1103.05,63.7,recovery_lock_91pct,False,False,fixed,fixed,09:30,2026-02-13 11:04:00+05:30,2026-02-13 09:40:00+05:30
2026-02-16,2026-02-16,0,25496.25,83.45,87.15,170.6,100.14,86.5,True,False,-1084.85,42.25,-1042.6,spot_move_87pts,False,False,fixed,fixed,09:30,2026-02-16 09:43:00+05:30,2026-02-16 12:33:00+05:30
2026-02-18,2026-02-24,4,25734.6,134.5,131.15,265.65,154.67,115.35,True,False,-1311.37,1027.0,-284.37,hard_exit,False,False,fixed,fixed,09:45,2026-02-18 12:34:00+05:30,2026-02-18 15:15:00+05:30
2026-02-19,2026-02-24,3,25784.6,117.55,122.1,239.65,150.46,124.1,True,False,-2139.41,-130.0,-2269.41,spot_move_122pts,False,False,fixed,fixed,09:40,2026-02-19 10:37:00+05:30,2026-02-19 11:48:00+05:30
2026-02-20,2026-02-24,2,25468.9,142.95,112.4,255.35,155.3,140.5,False,True,-802.75,-1826.5,-2629.25,spot_move_150pts,False,False,fixed,fixed,09:35,2026-02-20 11:46:00+05:30,2026-02-20 10:09:00+05:30
2026-02-23,2026-02-24,1,25768.8,114.65,90.4,205.05,103.85,108.48,False,True,702.0,-1175.2,-473.2,spot_move_116pts,False,False,fixed,fixed,09:30,2026-02-23 10:45:00+05:30,2026-02-23 09:39:00+05:30
2026-02-24,2026-02-24,0,25534.45,55.9,67.15,123.05,67.08,80.58,True,True,-726.7,-872.95,-1599.65,both_sl_hit,False,False,fixed,fixed,09:30,2026-02-24 09:32:00+05:30,2026-02-24 09:47:00+05:30
2026-02-25,2026-03-03,4,25572.05,177.65,115.05,292.7,154.25,132.31,False,True,1521.0,-1121.74,399.26,recovery_lock_75pct,False,False,fixed,fixed,09:45,2026-02-25 12:33:00+05:30,2026-02-25 12:32:00+05:30
2026-02-26,2026-03-03,3,25556.3,146.45,111.95,258.4,129.4,128.74,False,True,1108.25,-1091.51,16.74,recovery_lock_98pct,False,False,fixed,fixed,09:40,2026-02-26 12:21:00+05:30,2026-02-26 12:06:00+05:30
2026-02-27,2026-03-03,2,25361.4,118.9,106.95,225.85,127.22,101.4,True,False,-541.0,360.75,-180.25,spot_move_122pts,False,False,fixed,fixed,09:35,2026-02-27 15:00:00+05:30,2026-02-27 15:00:00+05:30
2026-03-02,2026-03-03,1,24927.1,81.5,104.1,185.6,97.8,84.65,True,False,-1059.5,1264.25,204.75,recovery_lock_68pct,False,False,fixed,fixed,09:30,2026-03-02 09:33:00+05:30,2026-03-02 09:52:00+05:30
2026-03-05,2026-03-10,3,24532.8,235.75,246.65,482.4,252.25,207.15,True,False,-1072.66,2567.5,1494.84,spot_move_251pts,False,False,fixed,fixed,09:40,2026-03-05 14:47:00+05:30,2026-03-05 14:50:00+05:30
2026-03-06,2026-03-10,2,24649.25,217.7,212.9,430.6,232.94,234.19,True,True,-990.54,-1383.85,-2374.39,both_sl_hit,False,False,fixed,fixed,09:35,2026-03-06 14:39:00+05:30,2026-03-06 14:01:00+05:30
2026-03-09,2026-03-10,1,23775.1,223.75,228.75,452.5,246.13,205.5,True,False,-1454.38,1511.25,56.87,recovery_lock_92pct,False,False,fixed,fixed,09:30,2026-03-09 13:34:00+05:30,2026-03-09 14:07:00+05:30
2026-03-10,2026-03-10,0,24131.55,80.8,96.85,177.65,96.96,79.6,True,False,-1050.4,1121.25,70.85,recovery_lock_89pct,False,False,fixed,fixed,09:30,2026-03-10 09:34:00+05:30,2026-03-10 10:14:00+05:30
2026-03-11,2026-03-17,4,24199.15,266.55,242.4,508.95,307.45,263.4,False,False,-2658.5,-1365.0,-4023.5,loss_limit,False,False,fixed,fixed,09:45,2026-03-11 10:44:00+05:30,2026-03-11 10:44:00+05:30
2026-03-12,2026-03-17,3,23575.7,290.9,284.8,575.7,248.6,248.3,False,False,2749.5,2372.5,5122.0,profit_target,False,False,fixed,fixed,09:40,2026-03-12 12:47:00+05:30,2026-03-12 12:47:00+05:30
2026-03-13,2026-03-17,2,23446.65,239.45,223.6,463.05,270.1,257.14,False,True,-1992.25,-2180.1,-4172.35,loss_limit,False,False,fixed,fixed,09:35,2026-03-13 12:39:00+05:30,2026-03-13 12:37:00+05:30
2026-03-16,2026-03-17,1,23183.8,176.75,172.7,349.45,212.1,170.0,True,False,-2297.75,175.5,-2122.25,spot_move_175pts,False,False,fixed,fixed,09:30,2026-03-16 10:29:00+05:30,2026-03-16 10:52:00+05:30
2026-03-17,2026-03-17,0,23366.7,87.15,81.15,168.3,81.55,97.38,False,True,364.0,-1054.95,-690.95,spot_move_92pts,False,False,fixed,fixed,09:30,2026-03-17 09:40:00+05:30,2026-03-17 09:32:00+05:30
2026-03-18,2026-03-24,3,23708.0,226.8,216.9,443.7,209.65,232.08,False,True,1114.75,-986.9,127.85,recovery_lock_83pct,False,False,fixed,fixed,09:40,2026-03-18 14:47:00+05:30,2026-03-18 14:44:00+05:30
2026-03-19,2026-03-24,2,23299.1,224.0,246.25,470.25,246.4,270.88,True,True,-1456.0,-1600.62,-3056.63,both_sl_hit,False,False,fixed,fixed,09:35,2026-03-19 13:56:00+05:30,2026-03-19 14:07:00+05:30
